id,domain,status,purchase_price,renewal_price,attractiveness,demand,length,registrar,created_at,expires_at,status_verified_at
34feaf75-55e4-44d0-99b4-0b3e425d66c3,implications.fan,available,6.64,45.16,medium,low,12,dynadot,,,29/09/2026 17:18
bf96db6d-2987-46b2-a72f-55c05f1ad9e3,courting.fan,available,57.98,68.98,high,low,8,namecheap,,,30/09/2026 09:16
dc9ce1d2-f85a-425f-9eed-09b7f7744bcf,capitals.fan,premium,102.67,102.67,medium,low,8,spaceship,,,02/10/2026 02:45
0cf62fa2-f99c-4326-8b77-ca06d33d5a69,reigns.fan,available,42.2,42.2,medium,low,6,cloudflare,,,02/10/2026 12:48
8c60fad6-233f-45ef-ab88-29b9ab7a075f,combed.fan,available,11.99,71.99,medium,low,6,name.com,,,12/08/2026 18:33
752774c4-53a3-4bf2-8027-4f39be7367d8,bigwig.fan,available,57.98,68.98,high,low,6,namecheap,,,23/09/2026 15:30
413c0541-4c42-4ca3-b7d5-02c5de5595dd,sings.fan,available,43.67,43.67,medium,low,5,spaceship,,,27/09/2026 23:41
80c8002e-a0a5-4490-8c76-ec4b406cc940,discomfort.fan,available,43.67,43.67,high,low,10,spaceship,,,29/09/2026 15:28
f7faeac0-28dc-47f3-871f-40716bf3857e,afresh.fan,available,57.98,68.98,medium,low,6,namecheap,,,13/09/2026 18:01
06dcadd4-5f77-4f60-8758-96b40cba7c7f,conform.fan,available,43.67,43.67,high,low,7,spaceship,,,30/09/2026 17:47
8dd0bb2d-03b2-4408-8426-c0f92848a90d,unforced.fan,available,57.98,68.98,medium,low,8,namecheap,,,12/09/2026 05:40
16dad17c-4ef8-4c56-9d12-78bb8b7f5f34,unnoticed.fan,available,57.98,68.98,medium,low,9,namecheap,,,12/09/2026 16:02
51d31b3d-bcbc-4369-93c8-b868fbdd4bad,blusher.fan,available,57.98,68.98,medium,low,7,namecheap,,,18/09/2026 15:49
404a85de-ff2d-491f-b269-2f602c36be58,plentiful.fan,available,57.98,68.98,high,low,9,namecheap,,,27/09/2026 04:16
60d2d394-9384-4f0b-8115-a7e1f6079bb5,dame.fan,available,57.98,68.98,high,low,4,namecheap,,,24/09/2026 20:56
731a077b-89c6-4b83-bfd8-6b51e49efcc7,sportswear.fan,available,57.98,68.98,high,low,10,namecheap,,,17/09/2026 05:14
59185c58-cc33-42cb-abc5-915811f877ca,fleischer.fan,available,6.69,43.77,high,low,9,porkbun,,,30/09/2026 16:27
afdc0ef0-38b5-4250-b279-52a895749921,dank.fan,available,11.99,71.99,high,low,4,name.com,,,12/08/2026 09:24
2a95fe88-4194-4738-8e35-d6f6e5588721,homophobic.fan,available,11.99,71.99,medium,low,10,name.com,,,21/08/2026 13:04
ae9b47d8-b218-45d3-9b5e-65e9c3ce26e1,diocese.fan,available,57.98,68.98,high,low,7,namecheap,,,23/09/2026 21:58
64ccdb81-7dac-4c88-977c-1f7e1d177356,crop.fan,available,57.98,68.98,high,low,4,namecheap,,,24/09/2026 19:07
ca1a0654-6183-4426-8ddd-dc98d7741c2d,breaking.fan,available,11.99,71.99,high,low,8,name.com,,,25/09/2026 02:26
f58f5093-49a1-45a7-9852-cb145f14dcb1,fagged.fan,available,11.99,71.99,low,low,6,name.com,,,14/08/2026 14:47
d88d48f1-b6e4-4264-ab48-573b7c09d892,beira.fan,available,57.98,68.98,medium,low,5,namecheap,,,23/09/2026 04:20
74bbee8d-0a79-4e21-9fac-f4f3ae5f9a00,monkey.fan,available,6.64,45.16,high,medium,6,dynadot,,,30/09/2026 05:09
0c1e6118-f27e-484b-be49-d13e3a803bb6,blurry.fan,available,57.98,68.98,medium,low,6,namecheap,,,22/09/2026 23:23
31e9dc9a-53c1-458e-b77a-2e1953d20e86,charcoal.fan,available,11.99,71.99,high,low,8,name.com,,,12/08/2026 02:24
1ec680ce-8e7b-4feb-b2e7-637da61ec360,quixotic.fan,available,57.98,68.98,medium,low,8,namecheap,,,09/09/2026 09:04
72fafa7b-afaf-4b79-a9e0-72558f15d91a,concordia.fan,available,57.98,68.98,high,low,9,namecheap,,,27/09/2026 20:47
a956eaef-8799-4581-a5d8-1e303cf9a2e7,capably.fan,available,57.98,68.98,medium,low,7,namecheap,,,13/09/2026 16:22
45210a26-2fe6-4816-bd27-148350481889,autotomic.fan,available,11.99,71.99,medium,low,9,name.com,,,07/08/2026 21:13
caa385e7-e6e2-4ba6-aa42-f2d33f8f3298,trail.fan,available,57.98,68.98,high,low,5,namecheap,,,25/09/2026 22:13
b3484736-63c4-49a9-8c15-cbe530af5fe8,inane.fan,available,11.99,71.99,medium,low,5,name.com,,,07/08/2026 02:43
9f87312f-272d-4b85-b039-0fcb6a01eb22,unkept.fan,available,57.98,68.98,medium,low,6,namecheap,,,12/09/2026 14:09
104a496c-d49f-44e8-a8f7-28c91426619a,jeer.fan,available,11.99,71.99,medium,low,4,name.com,,,22/08/2026 12:37
bc28b9d3-3883-4327-984b-1cbca9b5ad47,adoration.fan,available,57.98,68.98,high,low,9,namecheap,,,17/09/2026 09:44
88b25fa6-cdc1-4713-a843-cfe3a10022d3,suave.fan,available,11.99,71.99,high,low,5,name.com,,,13/08/2026 20:48
0fcc5706-f6cc-4425-8169-73bb8c8ae182,esr.fan,available,6.69,43.77,high,low,3,porkbun,,,02/10/2026 04:42
d42c0c6d-50f5-48a0-aef2-2f1435a76002,sore.fan,available,11.99,71.99,high,low,4,name.com,,,
d507aca2-8e31-4216-a6e9-dbc53dfa67f0,roles.fan,available,43.67,43.67,medium,low,5,spaceship,,,28/09/2026 21:41
b53b8973-4b6f-48e2-80c1-3faf0fe47ff6,merry.fan,available,11.99,71.99,high,low,5,name.com,,,11/08/2026 04:28
c04aed2a-ad87-49e6-a3ec-5ea6dd3e7bc9,farnborough.fan,available,43.67,43.67,medium,low,11,spaceship,,,02/10/2026 20:35
9ce9a865-7b57-42bd-8f85-94246f6af987,darken.fan,available,42.2,42.2,high,low,6,cloudflare,,,30/09/2026 18:19
b0986ae9-1537-4e33-b72a-5db10d306a97,finicky.fan,premium,123.75,123.75,medium,low,7,name.com,,,18/08/2026 04:58
1ab27a63-e776-4dd9-a533-5f4fb9f4ca66,insolvent.fan,available,11.99,71.99,medium,low,9,name.com,,,08/08/2026 13:34
969890ba-e5c6-41d5-bbb7-a3ba5d71cb59,verner.fan,available,6.64,45.16,medium,low,6,dynadot,,,03/10/2026 01:23
6322f451-33b0-4574-8f8c-27c81737c65d,himalaya.fan,available,42.2,42.2,high,low,8,cloudflare,,,01/10/2026 02:35
ecc5d1d6-53ea-4791-a9e7-61fd15f4456a,traditions.fan,available,43.67,43.67,medium,low,10,spaceship,,,29/09/2026 10:32
495da487-c2cc-4c36-8278-e059a7fd09a4,lanarkshire.fan,available,43.67,43.67,medium,low,11,spaceship,,,03/10/2026 04:54
b42f704f-a4da-4082-9c95-8c43a0d76ac8,formations.fan,available,43.67,43.67,medium,low,10,spaceship,,,01/10/2026 15:37
07fb8e3d-4c62-414c-9d60-7003e4d44cfe,carping.fan,available,11.99,71.99,medium,low,7,name.com,,,18/08/2026 00:03
35334b14-fec0-4684-977a-d69e87166ec6,fever.fan,available,43.67,43.67,high,low,5,spaceship,,,29/09/2026 19:05
f2872300-0000-45b1-937f-893a5eac2346,tiberias.fan,available,42.2,42.2,high,low,8,cloudflare,,,02/10/2026 08:43
79c0c5b9-1d7a-4135-af1a-cdefedb78363,mesmerised.fan,available,11.99,71.99,medium,low,10,name.com,,,17/08/2026 22:52
f7b18e2f-27a8-47e0-a367-9dc663cf4f85,asur.fan,available,57.98,68.98,medium,low,4,namecheap,,,20/09/2026 16:43
b6e55a97-49c2-41ce-957a-e16ee44061a5,ciao.fan,available,57.98,68.98,high,low,4,namecheap,,,18/09/2026 13:10
8553e262-bf45-43b5-bcd1-88ccd787996b,lonnie.fan,available,43.67,43.67,medium,low,6,spaceship,,,30/09/2026 13:21
183a07e1-6edf-4745-97de-e38ceb04f43f,penicillin.fan,available,43.67,43.67,high,low,10,spaceship,,,30/09/2026 10:50
2468cb0f-a287-4837-aeff-969e5d557cac,silvio.fan,available,42.2,42.2,medium,low,6,cloudflare,,,30/09/2026 00:38
213de279-f68f-4c20-8996-d66c5f417872,mojo.fan,available,6.64,45.16,high,medium,4,dynadot,,,30/09/2026 04:53
c4716e19-631a-4f39-aec0-0836590c5fcb,abandon.fan,available,11.99,71.99,high,low,7,name.com,,,14/08/2026 03:52
88887d01-662b-43e3-8703-5cde5790d978,roots.fan,available,57.98,68.98,high,low,5,namecheap,,,30/09/2026 10:25
f59b3153-fb23-4a1b-820a-3bc31d67d4c3,nansen.fan,available,43.67,43.67,medium,low,6,spaceship,,,02/10/2026 15:20
0d4a2161-e8e5-4ac7-b5ec-cf1223ebb494,greyish.fan,available,11.99,71.99,medium,low,7,name.com,,,20/08/2026 18:54
93e13d2e-e41e-4af0-af7a-eb720af4aea3,booklet.fan,available,57.98,68.98,high,low,7,namecheap,,,24/09/2026 07:06
7c4d93b6-5cb1-4e22-8baf-336a73e49022,ejected.fan,available,43.67,43.67,medium,low,7,spaceship,,,02/10/2026 02:12
9853b517-a76a-41c7-8126-b1758fb310dc,polls.fan,available,42.2,42.2,high,low,5,cloudflare,,,29/09/2026 07:53
5e738234-265c-43e8-bc44-76ca7b802a54,ramble.fan,available,11.99,71.99,high,low,6,name.com,,,10/09/2026 22:10
2ddd0399-5645-4845-a67e-4303dfc78d2f,flowering.fan,available,11.99,71.99,high,low,9,name.com,,,18/08/2026 09:02
6065b043-a0d2-427f-aa45-9cc105c171c4,stating.fan,available,43.67,43.67,high,low,7,spaceship,,,01/10/2026 19:25
466555f8-5475-40e9-b6a1-8bc21481cbee,maitland.fan,available,43.67,43.67,medium,low,8,spaceship,,,28/09/2026 01:57
59a9979d-8d82-4c84-b328-e9b6b7d4a899,faustus.fan,available,42.2,42.2,high,low,7,cloudflare,,,02/10/2026 15:09
df37ce94-d991-463f-9b7d-8956dad62ebb,wordy.fan,available,11.99,71.99,medium,low,5,name.com,,,24/08/2026 09:32
e09fff7d-5f4e-4a87-91fb-a4b42360d80b,betatron.fan,available,57.98,68.98,medium,low,8,namecheap,,,23/09/2026 11:04
a711f5f8-7ae9-4519-92ed-7a12278355ff,palpably.fan,available,57.98,68.98,medium,low,8,namecheap,,,15/09/2026 18:55
d5644aa6-b5d4-437b-8a53-0fca7e22772e,sawmill.fan,available,43.67,43.67,high,low,7,spaceship,,,02/10/2026 05:40
046b25d3-58e3-471f-b0a0-ed0b7e89eda6,excluded.fan,available,43.67,43.67,low,low,8,spaceship,,,30/09/2026 06:16
87b65c3f-da85-4383-a957-0b9f0fac8e8e,vitaliser.fan,available,57.98,68.98,medium,low,9,namecheap,,,19/09/2026 09:12
e894338a-0c75-45cd-965d-9317feb70cd2,corridor.fan,available,43.67,43.67,high,low,8,spaceship,,,29/09/2026 11:39
d361ff86-e4c2-4683-a4e1-b3c92282b6fc,disarm.fan,available,6.69,43.77,high,low,6,porkbun,,,30/09/2026 11:23
c07fe7bc-8985-44e1-a9b1-84681ee238d1,enid.fan,premium,102.67,102.67,medium,low,4,spaceship,,,28/09/2026 19:04
75901aaa-ad5d-4625-8152-1df5ac430c1b,tabu.fan,available,11.99,71.99,high,low,4,name.com,,,18/08/2026 11:04
be57f0c3-c19d-4ab9-a25e-e73725ab846b,cassel.fan,available,43.67,43.67,high,low,6,spaceship,,,30/09/2026 13:49
51648b73-b00f-4bbe-aa6f-1193ca219ef0,liza.fan,available,43.67,43.67,high,low,4,spaceship,,,02/10/2026 05:38
7b45b514-2f1e-4c1e-afea-e09ba19c2a0e,flown.fan,available,6.69,43.77,medium,low,5,porkbun,,,28/09/2026 17:01
8744d885-2560-40a1-9ba4-0320b8b18c23,drummer.fan,available,43.67,43.67,medium,low,7,spaceship,,,28/09/2026 09:32
c6ec96fb-424a-444b-9fdb-0f5c0f68893d,streaming.fan,premium,108.9,108.9,high,low,9,dynadot,,,01/10/2026 03:24
784dd035-aab7-410a-9649-8f33a7048f05,erratic.fan,available,11.99,71.99,high,low,7,name.com,,,17/08/2026 12:46
8377ef01-c1fc-4cf0-a7f1-4331374933b8,pity.fan,available,57.98,68.98,high,low,4,namecheap,,,23/09/2026 16:56
bb88b110-b73d-47ef-9ea2-35ff61981a2a,rides.fan,available,57.98,68.98,medium,low,5,namecheap,,,17/09/2026 06:42
6b0fe550-311e-495a-a403-c7138d8b809d,raft.fan,available,11.99,71.99,high,low,4,name.com,,,25/08/2026 00:40
a7c3ea7e-cae1-41d9-92b6-17d36c20831a,skid.fan,available,43.67,43.67,high,low,4,spaceship,,,30/09/2026 08:49
bb34d7f0-0fe7-44ca-a61e-27670b8fe55f,homelike.fan,available,11.99,71.99,high,low,8,name.com,,,21/08/2026 11:03
d36b4649-cb4a-478c-93e5-427f028bf264,canberra.fan,premium,250,250,high,low,8,name.com,,,21/09/2026 04:47
36799465-410e-4c79-a7cf-3f459bb42ce4,uncle.fan,available,43.67,43.67,high,low,5,spaceship,,,30/09/2026 14:13
3ca4db53-3977-4a61-a661-5cbda43c6654,lost.fan,premium,461.15,71.99,high,low,4,name.com,,,22/09/2026 10:52
a6e2452b-cadf-4423-9c2b-a8e56746154d,possessions.fan,available,43.67,43.67,low,low,11,spaceship,,,28/09/2026 17:10
83fc8123-0131-4302-a906-4a984d6636dc,colorize.fan,available,11.99,71.99,medium,low,8,name.com,,,12/08/2026 17:34
ec7ee47d-be3d-49d2-895a-642211fba95a,throngs.fan,available,57.98,68.98,medium,low,7,namecheap,,,20/09/2026 14:21
c9b2144f-8b0c-4073-80c6-2b3525d11096,antique.fan,premium,123.75,123.75,high,low,7,name.com,,,21/09/2026 22:23
aa40bd31-c2ff-4d1b-8a8b-6e149bf05264,fabled.fan,available,11.99,71.99,high,low,6,name.com,,,17/08/2026 20:12
321bfd54-b441-4d4a-9436-dc3aff82b0a3,advertisements.fan,available,11.99,,medium,low,14,name.com,,,
d352efdc-9c51-486e-9a7e-223b5d71fa30,spaciously.fan,available,57.98,68.98,medium,low,10,namecheap,,,16/09/2026 00:04
f1c9e3fd-10af-4296-9dbd-e3bba266c6ae,piggy.fan,available,11.99,71.99,high,low,5,name.com,,,21/08/2026 10:19
1bafd00c-a839-4fe8-95f6-ae1753e3f9aa,abbe.fan,available,57.98,68.98,medium,low,4,namecheap,,,16/09/2026 14:22
29fc26b1-bf5c-48b2-8b2a-51d2270689bb,questioning.fan,available,57.98,68.98,medium,low,11,namecheap,,,27/09/2026 09:01
1f769332-370c-4f40-b489-c14836a2974a,likely.fan,available,57.98,68.98,high,low,6,namecheap,,,25/09/2026 13:46
eefd7777-4df3-4cf0-ad3f-76166d8da38c,shorten.fan,available,43.67,43.67,high,low,7,spaceship,,,30/09/2026 19:09
370105f9-bedc-4985-a72a-d0ceb243091c,protest.fan,available,43.67,43.67,high,low,7,spaceship,,,30/09/2026 07:47
8cf68268-d0b5-4172-b096-69ee3377892d,keegan.fan,available,42.2,42.2,medium,low,6,cloudflare,,,30/09/2026 00:49
fa42fce7-a329-476b-b65b-261d3f043fe9,splashy.fan,available,11.99,71.99,medium,low,7,name.com,,,18/08/2026 06:22
384b5279-1c8e-43b2-b676-31f25d818c99,hanged.fan,available,42.2,42.2,medium,low,6,cloudflare,,,28/09/2026 08:24
07d4704a-ef2d-4a39-8adc-1fa9b9fdfcdb,irate.fan,available,11.99,71.99,medium,low,5,name.com,,,22/08/2026 09:44
50cf871c-5ff4-450c-8e78-9a27427d470e,grinding.fan,available,6.64,45.16,medium,low,8,dynadot,,,28/09/2026 19:23
73caf4f8-331c-478e-b6cd-1424b76f9107,staccato.fan,available,11.99,71.99,high,low,8,name.com,,,14/08/2026 09:57
efedfe89-ff5d-4eca-a18e-65d640b336a5,welshman.fan,available,57.98,68.98,medium,low,8,namecheap,,,13/09/2026 10:44
8098ed88-a7ed-44f7-a714-de41b05a2106,bogue.fan,available,43.67,43.67,medium,low,5,spaceship,,,03/10/2026 03:42
f85fdaaa-1425-4e08-bb40-130a42430f84,happier.fan,available,57.98,68.98,high,low,7,namecheap,,,18/09/2026 06:17
f4465d3d-0eb2-45c2-b23a-4b4e55f41417,gimp.fan,available,11.99,71.99,medium,low,4,name.com,,,23/08/2026 13:28
1545a75e-f2d2-46a4-9a7c-8692f3960a10,slander.fan,available,42.2,42.2,medium,low,7,cloudflare,,,30/09/2026 18:39
0dc0d48c-f1f9-4f28-a3c5-02a5c7f265e2,platypus.fan,available,57.98,68.98,high,low,8,namecheap,,,25/09/2026 00:17
7cbaa8b1-f85e-47f8-befc-fd456bb92234,periodic.fan,available,57.98,68.98,medium,low,8,namecheap,,,08/09/2026 17:11
92400d72-a041-4893-ab7b-a6a581a96973,beheaded.fan,available,11.99,71.99,medium,low,8,name.com,,,09/08/2026 10:21
8216972e-2125-4ec4-a8a1-fc64aa927063,scorpion.fan,available,6.64,45.16,high,low,8,dynadot,,,30/09/2026 02:48
659fb848-c95a-47fb-ba92-d448fd0cd1aa,nra.fan,available,43.67,43.67,medium,low,3,spaceship,,,29/09/2026 01:42
09ccfa7f-e7fe-4098-9c6c-d610746ba205,regulatory.fan,available,57.98,68.98,high,low,10,namecheap,,,09/09/2026 13:17
22e33829-7406-4295-ba62-872f44354a97,pause.fan,available,42.2,42.2,high,low,5,cloudflare,,,28/09/2026 06:34
481d1dfc-35f5-4bc6-b2ff-db9005458d1e,alumnus.fan,available,11.99,71.99,high,low,7,name.com,,,20/08/2026 17:42
d1fc61ed-9748-464c-be1f-c926a32269f6,presenting.fan,available,57.98,68.98,medium,low,10,namecheap,,,28/09/2026 17:29
4fafb799-a2e6-4a64-8b47-294497ad608a,simplicity.fan,available,6.64,45.16,high,low,10,dynadot,,,29/09/2026 08:19
ae2ace9f-e95d-4b55-99ba-d67995053ab0,apodemus.fan,available,57.98,68.98,medium,low,8,namecheap,,,19/09/2026 18:19
1f34fdbb-a54e-4cd8-8184-9ee2cd81f3e0,rheumatism.fan,available,57.98,68.98,medium,low,10,namecheap,,,21/09/2026 00:56
79c961c8-1ef4-45db-ac25-da8ae8dfe643,clem.fan,available,43.67,43.67,medium,low,4,spaceship,,,01/10/2026 22:57
4b3b336c-fa4c-4dad-834f-9e9b2c07e1d6,nonchalant.fan,available,11.99,71.99,high,low,10,name.com,,,11/08/2026 20:36
326e04a8-fb9f-4f3b-8522-d751b0741335,train.fan,available,42.2,42.2,high,low,5,cloudflare,,,28/09/2026 19:31
7b89abef-753c-45f7-92ed-d1ac8d108c3d,aas.fan,premium,85.8,85.8,high,low,3,namecheap,,,16/09/2026 13:41
18626a2b-f9c4-4bbc-acbd-440556610214,admired.fan,available,57.98,68.98,high,low,7,namecheap,,,21/09/2026 18:53
9881360d-8e7e-4d31-ac8a-4d70d01dc824,chimes.fan,available,6.69,43.77,medium,low,6,porkbun,,,02/10/2026 13:40
2ba88506-2ccc-41ff-9897-b45b396815c2,fink.fan,available,11.99,71.99,high,medium,4,name.com,,,11/08/2026 16:11
848d2f00-aacb-4a5f-ab3c-4b9dd2f58a5c,plaguey.fan,available,,,medium,low,7,,,,
39a84ea4-0a68-4cbd-838c-55ee4d51ec90,pondering.fan,available,11.99,71.99,high,low,9,name.com,,,11/08/2026 06:01
f22fdeb5-bded-4a80-a6d3-bc275ddf38d8,chatoyant.fan,available,11.99,71.99,medium,low,9,name.com,,,12/08/2026 03:13
4d42773c-780f-4211-9f0d-b2257ad709b4,achaemenid.fan,available,43.67,43.67,medium,low,10,spaceship,,,02/10/2026 21:52
1d56f903-781d-485a-b107-04ab67d0049f,industrialize.fan,available,43.67,43.67,medium,low,13,spaceship,,,01/10/2026 08:51
58d0d8d2-aed2-4ae7-b088-4444ee2b2062,oka.fan,available,43.67,43.67,high,low,3,spaceship,,,01/10/2026 21:09
26228e3f-7c1b-43a8-b711-b862913574a9,yogic.fan,available,57.98,68.98,medium,low,5,namecheap,,,13/09/2026 14:41
4b0e4c22-d561-45b9-a126-586feda55bd7,cot.fan,available,42.2,42.2,high,low,3,cloudflare,,,29/09/2026 06:09
5ec98ff2-1258-4aab-a788-13973810e813,antiquities.fan,available,43.67,43.67,medium,low,11,spaceship,,,02/10/2026 01:45
07f32181-f3e7-4666-a989-d4ccf0671c01,backspin.fan,available,57.98,68.98,high,low,8,namecheap,,,21/09/2026 16:02
87fd9606-dc4f-4c73-b85a-147c94d6b634,antipodean.fan,available,11.99,71.99,medium,low,10,name.com,,,
03239c91-b714-4c89-ac9c-c4bd7c447c77,hierarch.fan,available,57.98,68.98,medium,low,8,namecheap,,,20/09/2026 02:30
8d3847c5-3ae4-4c98-a800-ff38c298e9b6,carriage.fan,available,42.2,42.2,high,low,8,cloudflare,,,29/09/2026 00:08
c424f097-c210-4977-9bd8-e6ed1eff5427,glances.fan,available,11.99,71.99,medium,low,7,name.com,,,18/09/2026 02:11
b432237b-14b7-44c4-aadd-db0d483289ba,peppery.fan,available,57.98,68.98,medium,low,7,namecheap,,,08/09/2026 15:37
414cf845-8aa4-4437-a822-8f6930f82d0d,ratio.fan,available,43.67,43.67,high,low,5,spaceship,,,28/09/2026 15:13
9a7889b4-c753-4ce4-a6a6-1011c9757b83,usher.fan,available,6.69,43.77,high,low,5,porkbun,,,29/09/2026 00:41
ec2ec89c-1921-48db-9303-6f037a6d2bd8,microgravity.fan,available,57.98,68.98,high,low,12,namecheap,,,02/10/2026 21:22
c9a5b782-09a3-4892-80d7-1c0a8c1d03fe,gjo.fan,available,57.98,68.98,medium,low,4,namecheap,,,17/09/2026 05:37
15b55cb5-1403-42ad-8004-27fed5dec1ca,barnum.fan,available,57.98,68.98,medium,low,6,namecheap,,,22/09/2026 06:55
f18231a3-4627-48bf-a339-cabf908bd2fc,compliance.fan,available,43.67,43.67,high,low,10,spaceship,,,01/10/2026 16:36
fccfa428-4246-49da-bee3-faf1edf81146,nervous.fan,available,57.98,68.98,medium,low,7,namecheap,,,21/09/2026 22:02
feb86da0-d316-43cd-8e17-896912ddab65,ignacio.fan,premium,68.51,68.51,medium,low,7,spaceship,,,28/09/2026 08:56
37208073-fb8a-43e2-8065-8a051693e019,answered.fan,available,57.98,68.98,high,low,8,namecheap,,,25/09/2026 16:54
a0e55158-2121-45a5-8715-ea03275de791,neapolitan.fan,available,57.98,68.98,medium,low,10,namecheap,,,03/09/2026 14:18
2f8103cc-9442-4a1e-b889-f3096af60e52,lynda.fan,premium,68.51,68.51,high,low,5,spaceship,,,30/09/2026 21:11
716c47d6-2123-4d3c-85a1-6082066d0afb,carnegie.fan,available,57.98,68.98,high,low,8,namecheap,,,19/09/2026 04:42
fc16a8b5-49f3-49f7-893a-034dde9013b5,neaten.fan,available,57.98,68.98,medium,low,6,namecheap,,,11/09/2026 15:42
0f2e9cd5-e21a-4c1a-8552-fbc32a2b96d8,boggy.fan,available,11.99,71.99,medium,low,5,name.com,,,10/08/2026 17:01
abab5955-45bd-4d3d-b0bd-0cf6f9656496,commission.fan,available,43.67,43.67,high,low,10,spaceship,,,29/09/2026 10:22
ed9d1e00-7683-48de-a808-219cd85e8966,gayle.fan,premium,54.36,108.6,medium,low,5,porkbun,,,29/09/2026 04:04
b0f93251-6690-49f0-a7bf-7dfdbabc10dc,average.fan,available,57.98,68.98,high,low,7,namecheap,,,22/09/2026 14:28
eb9e7829-905d-4eca-879e-0a626870ce86,hid.fan,available,57.98,68.98,medium,low,3,namecheap,,,26/09/2026 03:17
a0f8f2d3-75ef-462c-9294-d6a75a810679,onrush.fan,available,57.98,68.98,medium,low,6,namecheap,,,21/09/2026 01:07
a66ab780-b01e-4a8c-8ac7-307e5f5137f5,mcginnis.fan,available,43.67,43.67,medium,low,8,spaceship,,,02/10/2026 10:47
96e8d2d9-21f8-4387-9b9d-d00afea68c55,breezily.fan,available,57.98,68.98,medium,low,8,namecheap,,,14/09/2026 01:28
6d2b96bf-b22b-4ac3-a44d-53e7dfbc7f1d,dismantle.fan,available,42.2,42.2,high,low,9,cloudflare,,,02/10/2026 06:42
499d776f-8d16-4062-a298-31c2d18cb686,jane.fan,premium,128.7,128.7,high,low,4,namecheap,,,25/09/2026 11:44
1e59e702-f77f-4132-b23f-a7e9dff3a962,chorally.fan,available,57.98,68.98,medium,low,8,namecheap,,,14/09/2026 06:49
978d126d-53a9-47cc-b267-2c5621c25cbc,blastema.fan,available,57.98,68.98,medium,low,8,namecheap,,,24/09/2026 04:21
6f6191af-9b27-4d41-b6fa-19d0d1109f37,lucid.fan,available,11.99,71.99,high,medium,5,name.com,,,13/08/2026 09:42
d051e74e-9712-4dd3-8d66-e52fee55dc03,incidentally.fan,available,43.67,43.67,medium,low,12,spaceship,,,28/09/2026 21:17
890cd093-22dc-4da0-ae70-4a0615e1a401,karlsruhe.fan,available,6.69,43.77,medium,low,9,porkbun,,,28/09/2026 12:19
4ce0d785-4041-4208-93c3-bceac7855651,lavender.fan,available,11.99,71.99,high,low,8,name.com,,,22/08/2026 21:02
480e2a07-08ce-44a3-9108-b214ae7b2095,clegg.fan,available,6.69,43.77,medium,low,5,porkbun,,,30/09/2026 16:44
91668593-b024-4473-b3f3-c34f85cce2c7,wipe.fan,available,6.69,43.77,high,low,4,porkbun,,,27/09/2026 16:23
e1f59812-630d-443a-9f76-e5f50e46fc20,mirage.fan,available,42.2,42.2,high,low,6,cloudflare,,,29/09/2026 13:27
795378c9-0591-4d2f-a09a-242da45993ef,concentric.fan,available,11.99,71.99,high,low,10,name.com,,,12/08/2026 19:57
7f8734d7-2bde-446b-b0b1-039bc0fdd3bd,boloney.fan,available,57.98,68.98,medium,low,7,namecheap,,,21/09/2026 23:45
2e34ce74-64e1-401f-b13b-8480ab559eb2,weizmann.fan,available,57.98,68.98,high,low,8,namecheap,,,01/10/2026 18:56
fa495103-11ff-4ecf-8aa2-ce8d9f84d497,hebron.fan,available,6.64,45.16,medium,low,6,dynadot,,,28/09/2026 16:34
91766f4b-b964-44c3-8eba-fa2296257f7b,boundary.fan,available,57.98,68.98,high,low,8,namecheap,,,23/09/2026 01:32
31eaee31-35d4-43b9-9777-e9220eed7cfd,abed.fan,available,57.98,68.98,medium,low,4,namecheap,,,13/09/2026 16:13
6429fd79-d6a0-446b-aa20-65da3fe10087,reason.fan,available,57.98,68.98,high,low,6,namecheap,,,25/09/2026 10:15
c825cbd1-c1e8-42fb-a674-ab25e55e36ae,sio.fan,available,6.69,43.77,high,low,3,porkbun,,,02/10/2026 19:13
8b3293c4-1b53-456a-85d0-807a4320ce5f,evil.fan,available,57.98,68.98,high,medium,4,namecheap,,,24/09/2026 15:41
47bab10d-a8c1-42c1-ab5c-cd62df38a266,ionic.fan,available,11.99,71.99,high,low,5,name.com,,,22/08/2026 09:29
0f5b9efd-e13f-4784-80f6-612181efac0f,sleep.fan,premium,85.8,85.8,high,medium,5,namecheap,,,25/09/2026 05:45
f2b4a6fe-5f33-4b6b-a824-58d6ecb85e3a,lanes.fan,available,42.2,42.2,medium,low,5,cloudflare,,,29/09/2026 10:32
03ef458e-985a-4780-ad67-a8227cc6c67a,antedon.fan,available,57.98,68.98,medium,low,7,namecheap,,,19/09/2026 12:48
31d687bb-13a7-4423-a905-3d711680bebe,leasing.fan,available,6.64,45.16,high,low,7,dynadot,,,01/10/2026 23:15
0667e704-0220-4e85-9c11-02bbbe19071b,biosafety.fan,available,57.98,68.98,high,low,9,namecheap,,,23/09/2026 18:56
cd868181-8818-427b-a3e8-82ef0ecce282,prochoice.fan,available,57.98,68.98,high,low,10,namecheap,,,27/09/2026 06:48
1c74ecea-ce4a-48b1-bb3a-340437757486,warranty.fan,available,6.64,45.16,high,low,8,dynadot,,,29/09/2026 21:39
49738bae-b410-4eec-972d-45590bd43e13,smokey.fan,available,57.98,68.98,high,low,6,namecheap,,,02/10/2026 19:03
6d85852c-8c16-4d88-80f0-3b27cb705402,abronia.fan,available,57.98,68.98,medium,low,7,namecheap,,,16/09/2026 17:19
b8963f69-92f3-46d0-99ab-28e57028ecfa,locations.fan,available,43.67,43.67,medium,low,9,spaceship,,,28/09/2026 17:11
95be8bbd-e376-44ff-9673-8fa9e83f637b,soothes.fan,available,57.98,68.98,medium,low,7,namecheap,,,20/09/2026 05:20
9942770b-92d5-43ce-8d5d-5c0fb16cafc0,studs.fan,available,11.99,,high,low,5,name.com,,,
de274afa-9dc5-4ec0-989d-281e701b9e59,effectual.fan,available,11.99,71.99,high,low,9,name.com,,,15/08/2026 14:20
46ee95d3-4212-4273-ac79-dde886313bd2,hopkins.fan,premium,128.7,128.7,high,low,7,namecheap,,,19/09/2026 13:42
5b06ff24-ad32-49c0-95c2-daffb0c33122,ninth.fan,available,11.99,71.99,high,low,5,name.com,,,
8c45bad4-4402-4dad-9c26-60febdebe047,knox.fan,available,6.64,45.16,high,low,4,dynadot,,,28/09/2026 06:06
48aadc66-a3ba-40af-8b36-89c570cd27dc,davies.fan,premium,72.6,72.6,medium,low,6,dynadot,,,29/09/2026 03:54
f6dd5298-3b10-4d87-9372-17762384c305,answer.fan,available,6.64,45.16,high,low,6,dynadot,,,28/09/2026 21:32
4ebb03ef-523b-4347-95fa-b2d39f996077,evolve.fan,available,43.67,43.67,high,medium,6,spaceship,,,30/09/2026 19:18
fabd3019-4c1e-4c74-ad69-b8af3e68180f,homicide.fan,available,57.98,68.98,medium,low,8,namecheap,,,25/09/2026 07:26
1a0c89f1-c81b-45ef-a97d-58f274128173,raisin.fan,available,43.67,43.67,high,low,6,spaceship,,,01/10/2026 21:26
71443e15-29af-4523-8f44-7c7376df3f42,batty.fan,available,11.99,71.99,medium,low,5,name.com,,,06/08/2026 20:35
b9e7352a-0f40-42ea-ba2b-4f1ff63352ab,holla.fan,available,57.98,68.98,high,low,5,namecheap,,,23/09/2026 06:19
c326f08e-a59f-405a-89c5-ef0bc72ff32c,adapid.fan,available,57.98,68.98,low,low,6,namecheap,,,17/09/2026 06:24
e34e3364-c33a-4dfa-a5ab-a7d5603d64f9,intercept.fan,available,43.67,43.67,high,low,9,spaceship,,,28/09/2026 06:03
5ab33afe-ff78-4a69-8ceb-f7cdb88af097,acoustic.fan,available,11.99,71.99,high,low,8,name.com,,,
0234a12f-6d67-4fe0-a6d0-82632882f0d3,essen.fan,available,43.67,43.67,medium,low,5,spaceship,,,28/09/2026 19:08
09fd27da-63a3-436b-9203-753ccc1c6589,adenium.fan,available,57.98,68.98,medium,low,7,namecheap,,,17/09/2026 07:28
2be85ed3-d800-4ad3-90ce-2ec4a815f41f,andes.fan,available,11.99,71.99,high,low,5,name.com,,,19/09/2026 04:04
4f8cc4ef-b2ca-4832-a560-53cc3d6ee572,mendacious.fan,available,11.99,71.99,medium,low,10,name.com,,,24/08/2026 20:04
9e85f4e4-6d62-406e-a07a-c4a2ad24c2f6,linnaean.fan,available,11.99,71.99,medium,low,8,name.com,,,23/08/2026 16:38
f47f2c2b-ecc0-48cc-b7cb-8f49e75c0f9f,feeler.fan,available,57.98,68.98,medium,low,6,namecheap,,,22/09/2026 04:48
4ff7e184-9815-4a41-8325-a25aa75e8bb0,slowly.fan,available,11.99,71.99,medium,low,6,name.com,,,22/08/2026 23:55
07ba80e8-3eb7-4ffe-a477-3f3b82f0e8ed,pee.fan,available,11.99,71.99,medium,low,3,name.com,,,13/09/2026 09:51
c766a7d1-fbc8-474d-9495-63d68a17f157,backslash.fan,available,42.2,42.2,high,low,9,cloudflare,,,01/10/2026 00:11
4b3a6c9b-5a03-4794-a87d-99ea0a8c32d7,defeating.fan,available,43.67,43.67,low,low,9,spaceship,,,01/10/2026 17:41
9687d489-4a34-41a6-8e72-924ef029e834,adrien.fan,available,43.67,43.67,medium,low,6,spaceship,,,02/10/2026 03:15
32cca78c-fe2e-4632-ab35-6e3a38f769ac,rink.fan,available,42.2,42.2,high,low,4,cloudflare,,,01/10/2026 03:34
5587ba61-9088-4c10-805d-43010efbb23d,csi.fan,premium,72.6,72.6,high,low,3,dynadot,,,01/10/2026 22:38
645cd79c-0935-4227-b12c-a9b5cf1a82cc,dachau.fan,available,42.2,42.2,medium,low,6,cloudflare,,,01/10/2026 19:08
2aed187d-863a-43c6-9727-2c2f310cac58,crewe.fan,available,42.2,42.2,high,low,5,cloudflare,,,02/10/2026 07:59
a9b15ce2-c420-408c-8c7b-4080784e1c57,health.fan,premium,260,260,high,medium,6,namecheap,,,02/10/2026 03:51
8544be4f-f985-4cd0-97fe-0bd6e1a1d5e2,refrigerator.fan,available,43.67,43.67,high,low,12,spaceship,,,01/10/2026 01:17
40fffc0e-e56e-4e57-8c92-91ec263b8431,belly.fan,available,57.98,68.98,high,low,5,namecheap,,,16/09/2026 14:48
76a84335-00b7-4773-9bc2-33765e5ecbee,ssa.fan,premium,68.51,68.51,high,low,3,spaceship,,,29/09/2026 08:03
35512a08-4b09-4fda-833b-82e4abccdb2e,darkest.fan,available,42.2,42.2,medium,low,7,cloudflare,,,30/09/2026 07:35
002d7626-0a0f-4482-8b2d-5cdea9cae980,philippine.fan,available,11.99,71.99,high,low,10,name.com,,,18/08/2026 04:21
748ab4e6-22fe-4d1c-a514-7ac38ce84116,shaded.fan,available,57.98,68.98,medium,low,6,namecheap,,,10/09/2026 05:23
9d29564a-8e68-4291-85ba-da59f4d07c10,unplayable.fan,available,11.99,71.99,medium,low,10,name.com,,,12/09/2026 16:54
92cfccc0-d705-41cc-8c61-57d02382f3d5,yersin.fan,available,57.98,68.98,medium,low,6,namecheap,,,18/09/2026 05:59
1c1001d1-1f22-43dd-a3aa-25013037a340,overbold.fan,available,57.98,68.98,medium,low,8,namecheap,,,04/09/2026 20:21
77b22342-02de-43a5-a609-6d73821420c3,sailed.fan,available,57.98,68.98,high,low,6,namecheap,,,17/09/2026 07:33
5fea92d3-b60e-4824-ad57-38649ff2ea83,baffling.fan,available,11.99,71.99,medium,low,8,name.com,,,08/08/2026 08:02
864ee582-b15c-4bb3-802c-6311e47ccd49,abasia.fan,available,57.98,68.98,medium,low,6,namecheap,,,16/09/2026 14:05
503f9a69-d5c1-464c-a16b-3a6fd9df066d,comp.fan,available,57.98,68.98,high,low,4,namecheap,,,23/09/2026 17:59
68f6d053-b0d6-4fad-9d39-c8b9fa7c7aca,williamsburg.fan,available,57.98,68.98,medium,low,12,namecheap,,,27/09/2026 01:57
768ea295-d48b-4cd9-a99c-deaadf557062,romance.fan,available,43.67,43.67,high,low,7,spaceship,,,27/09/2026 15:59
b73a730f-6eba-47d0-9c60-035b45990f6f,djia.fan,available,6.69,43.77,medium,low,4,porkbun,,,02/10/2026 08:42
79fdce90-35c7-4efe-a2d6-7d2090c450e6,fbi.fan,available,6.64,45.16,high,low,3,dynadot,,,29/09/2026 06:52
ad588980-29aa-44ff-8a52-ffebfb346fde,parker.fan,premium,85.8,85.8,high,low,6,namecheap,,,23/09/2026 20:21
ef158909-eeef-423b-8a6a-ba82625266cc,gustatory.fan,available,11.99,71.99,medium,low,9,name.com,,,20/08/2026 21:07
f5af05c5-3bfb-45bf-b558-064b3a8d9acf,offers.fan,available,6.69,43.77,high,low,6,porkbun,,,27/09/2026 23:51
9fe0bf2c-46e5-4ee3-b807-ebef7388f97e,glassy.fan,available,11.99,71.99,high,low,6,name.com,,,20/08/2026 14:12
e27d974b-856d-4e4e-a562-b08fc96cf69e,cimmerian.fan,available,11.99,71.99,medium,low,9,name.com,,,12/08/2026 08:11
b348051c-8308-4b7c-be5d-8e2f7a6ae7a7,enrico.fan,available,57.98,68.98,medium,low,6,namecheap,,,28/09/2026 13:31
a1a47395-3df7-41e5-afc1-a034452e2453,whacky.fan,available,11.99,71.99,medium,low,6,name.com,,,06/08/2026 21:32
eb747ceb-f910-4c44-bcee-b9f44ed33e05,moors.fan,available,43.67,43.67,medium,low,5,spaceship,,,03/10/2026 04:56
efe7c396-6365-42e6-95a5-3676fc9c5dd9,conyers.fan,available,43.67,43.67,high,low,7,spaceship,,,30/09/2026 14:02
afb3ceb7-3809-44fa-bdeb-ad957bdfe565,authoriser.fan,available,57.98,68.98,medium,low,10,namecheap,,,21/09/2026 05:16
56302fcd-3ca5-466f-a153-a0d5a48e19e3,largo.fan,premium,250,250,medium,low,5,name.com,,,22/08/2026 19:59
d7b1eabd-b763-4a0c-9179-602cd0684589,nga.fan,available,43.67,43.67,medium,low,3,spaceship,,,30/09/2026 18:08
b08912b0-5ff8-413b-a8f0-bd5f2555b0f2,obsessive.fan,premium,128.7,128.7,high,low,9,namecheap,,,25/09/2026 23:45
36715b21-bb7f-4f3f-a18e-a0469f3e361f,tactically.fan,available,57.98,68.98,medium,low,10,namecheap,,,16/09/2026 07:46
d99be0f4-963a-4b5e-9875-97983180b49b,bilirubin.fan,available,57.98,68.98,medium,low,9,namecheap,,,23/09/2026 15:56
0dee9c79-6cfb-401e-a416-307a900ee31b,pillowcases.fan,available,57.98,68.98,medium,low,12,namecheap,,,21/09/2026 01:49
a74398f7-15d0-4146-aaa3-02a41eef2bd9,teammates.fan,available,6.64,45.16,medium,low,9,dynadot,,,30/09/2026 16:12
303c97a2-a69e-4afe-8737-9c85684e6499,visored.fan,available,57.98,68.98,medium,low,7,namecheap,,,13/09/2026 06:15
a4c7ea3a-5d67-469e-a664-8304229a4e05,pathway.fan,available,43.67,43.67,high,low,7,spaceship,,,29/09/2026 06:59
b1bcae72-5609-4d94-abb4-090ac6a791f7,exon.fan,available,6.64,45.16,medium,low,4,dynadot,,,30/09/2026 01:04
bda4bc35-7033-4c99-9b4e-bbebfa75e1b4,forensics.fan,available,42.2,42.2,high,low,9,cloudflare,,,30/09/2026 09:42
ea85a546-9ea8-4d3b-94d5-b34b23301f30,untaught.fan,available,57.98,68.98,medium,low,8,namecheap,,,12/09/2026 18:56
b778de9b-ecec-4ef1-ae01-6ef563dcc86d,breezy.fan,available,57.98,68.98,high,low,6,namecheap,,,22/09/2026 22:40
f60c292e-b923-4a2f-a220-ae7691f055a2,cleanliness.fan,available,42.2,42.2,high,low,11,cloudflare,,,02/10/2026 02:07
4482497a-3dcf-4c1e-b551-108895385cfb,sustenance.fan,available,57.98,68.98,high,low,10,namecheap,,,18/09/2026 07:54
544ad340-cd8a-4397-a08b-c44b8e5d29cb,sorbonne.fan,available,42.2,42.2,medium,low,8,cloudflare,,,28/09/2026 20:07
dd8d3922-36a9-4ed0-b08c-118dbd279688,tactic.fan,available,43.67,43.67,high,low,6,spaceship,,,29/09/2026 07:31
ab6ba4aa-2237-44f6-8d1c-6200fb363e54,amide.fan,available,57.98,68.98,high,low,5,namecheap,,,18/09/2026 21:35
4ba984fa-b51a-48ac-b93a-365ce4c71f59,graciously.fan,available,57.98,68.98,high,low,10,namecheap,,,14/09/2026 21:58
9ecfe407-7df3-4516-99c5-542d7563e74e,monuments.fan,available,6.69,43.77,medium,low,9,porkbun,,,30/09/2026 15:18
e720fd6d-ade0-47ce-aa2d-230f59501827,plastered.fan,available,11.99,71.99,medium,low,9,name.com,,,09/08/2026 15:43
ad38b5c2-b793-4f6a-b015-9fa15141bd97,furthest.fan,available,57.98,68.98,medium,low,8,namecheap,,,24/09/2026 17:07
c39a5103-33e7-4bf5-9339-526fa9ee4acd,firing.fan,available,57.98,68.98,high,low,6,namecheap,,,27/09/2026 03:58
3cedc194-4218-4754-9440-b6b2faeb200e,spinner.fan,available,6.69,43.77,high,low,7,porkbun,,,01/10/2026 03:50
ab5fc79f-0e49-4831-90e8-06a408675869,pipes.fan,available,43.67,43.67,high,low,5,spaceship,,,27/09/2026 22:20
49e1a8da-1e1f-49b3-862f-070beb32930c,clothing.fan,premium,102.67,102.67,high,low,8,spaceship,,,30/09/2026 20:57
5ff56938-ccba-47c4-924d-04952b47f48e,hysteric.fan,available,11.99,71.99,medium,low,8,name.com,,,21/08/2026 17:20
32839a77-539d-4c78-a610-d2e20ab35b53,baths.fan,available,43.67,43.67,high,low,5,spaceship,,,28/09/2026 23:22
90287293-8c8a-4aed-ae7c-63b83cb109f6,spring.fan,premium,260,260,high,medium,6,namecheap,,,30/09/2026 01:44
555157a0-26dc-4f42-8ee1-774f531b6911,dourly.fan,available,57.98,68.98,low,low,6,namecheap,,,14/09/2026 13:56
6166b37b-ee0d-46f2-9c3f-b13643012ef4,objections.fan,available,42.2,42.2,low,low,10,cloudflare,,,28/09/2026 13:15
4636a0af-ba0a-42d5-aca4-5be2d18f15a4,ruins.fan,available,6.69,43.77,low,low,5,porkbun,,,28/09/2026 12:46
17ad2399-695a-4184-baee-c0b46bb7039a,deceptive.fan,available,11.99,71.99,medium,low,9,name.com,,,13/08/2026 21:16
3ad3886d-539c-44b1-a64c-c5688e3cdc0e,allergy.fan,available,42.2,42.2,high,low,7,cloudflare,,,28/09/2026 20:29
b517b693-4419-4875-94ad-537d4693cd5d,macon.fan,premium,260,260,high,low,5,namecheap,,,27/09/2026 04:39
1b6c1147-d3f5-4ce3-a864-2dfc91960bb5,lacey.fan,available,43.67,43.67,high,low,5,spaceship,,,03/10/2026 05:09
c9877414-376c-41b9-970f-0575b388922d,newsletter.fan,available,57.98,68.98,high,low,10,namecheap,,,30/09/2026 02:23
220259d9-a978-4fe1-ac96-4a3a075319ec,weights.fan,available,11.99,,medium,low,7,name.com,,,
cbd7fc36-22f6-4d0f-a562-7d30bdc958d6,pearce.fan,premium,128.7,128.7,high,low,6,namecheap,,,29/09/2026 15:07
c03ac79d-58b2-4b2f-a91c-003aac50c16c,nullity.fan,available,57.98,68.98,medium,low,7,namecheap,,,13/09/2026 06:33
4e37a7a7-2825-47af-a7fb-e80975493956,crossly.fan,available,57.98,68.98,low,low,7,namecheap,,,14/09/2026 09:42
e4df7e04-d2c4-4e64-9892-65a535860e34,uproar.fan,available,6.64,45.16,medium,low,6,dynadot,,,29/09/2026 04:35
1b7a9ce1-aadf-445c-9abd-3fd2076c911d,grips.fan,available,43.67,43.67,medium,low,5,spaceship,,,02/10/2026 01:51
d626eed0-005f-4ae4-860c-e2b682fd0dda,alsatia.fan,available,57.98,68.98,medium,low,7,namecheap,,,18/09/2026 14:16
b1b37260-603e-43d0-9275-44d00aa9ab98,offroader.fan,available,57.98,68.98,medium,low,10,namecheap,,,18/09/2026 09:00
a86191af-765b-4863-84e4-5a5161749432,supplements.fan,available,42.2,42.2,medium,low,11,cloudflare,,,02/10/2026 14:12
80f53277-09be-4b06-a718-269070084583,adorno.fan,available,43.67,43.67,medium,low,6,spaceship,,,01/10/2026 06:08
9b2d7e26-bb97-45be-b16c-29aad1c7fa14,polarity.fan,available,43.67,43.67,high,low,8,spaceship,,,03/10/2026 01:39
3b67a888-8d62-4aa9-a44c-eb72ce0af752,viruses.fan,available,43.67,43.67,medium,low,7,spaceship,,,30/09/2026 06:37
bfae953b-8301-4b7b-bd2f-abd8c6c12076,karabakh.fan,available,42.2,42.2,medium,low,8,cloudflare,,,02/10/2026 09:33
25ad9473-7252-47ec-86d8-dd463db8b690,womanish.fan,available,57.98,68.98,medium,low,8,namecheap,,,13/09/2026 12:58
d712e310-b5a4-48fe-ba9c-b45c0c638a8c,firefighter.fan,available,43.67,43.67,high,low,11,spaceship,,,30/09/2026 23:57
5dc97ca4-31d0-4349-91c2-772b25251e9d,listening.fan,available,57.98,68.98,high,low,9,namecheap,,,25/09/2026 09:00
7dc833e2-a397-45d7-a4de-0d031cb51d28,tray.fan,available,42.2,42.2,high,low,4,cloudflare,,,02/10/2026 01:23
6c16c7c3-65bd-4af1-8d65-b5673e38abf9,hedwig.fan,available,43.67,43.67,medium,low,6,spaceship,,,02/10/2026 09:21
24c38e5e-e902-4f4c-be10-985a14edeacd,hours.fan,available,43.67,43.67,high,low,5,spaceship,,,29/09/2026 23:03
0150ffca-c84f-4a38-866f-b21d266b2bc4,undefined.fan,available,11.99,71.99,high,low,9,name.com,,,12/09/2026 07:13
af267aa7-6138-4e2c-9f43-2e8a95ccf114,usmc.fan,available,43.67,43.67,medium,low,4,spaceship,,,30/09/2026 17:59
8ce73112-e15f-47f3-8e73-634c4f6ba865,snowstorm.fan,available,42.2,42.2,high,low,9,cloudflare,,,02/10/2026 23:35
92ef33a1-6942-41d7-a658-8e09e1268c3c,epa.fan,available,43.67,43.67,high,low,3,spaceship,,,30/09/2026 17:12
cdecea96-9096-4936-a702-5ce8522e14b7,seeable.fan,available,57.98,68.98,medium,low,7,namecheap,,,10/09/2026 01:41
3cf12965-04a5-4a80-a558-dd337aa52e68,prenuptial.fan,available,57.98,68.98,high,low,10,namecheap,,,22/09/2026 06:05
ebba1943-5e9e-49d0-94fb-77f412fbef1a,hires.fan,available,42.2,42.2,high,low,5,cloudflare,,,30/09/2026 05:35
9aa8be0f-3201-483c-b4d1-a76b1ebe2241,crate.fan,available,57.98,68.98,high,low,5,namecheap,,,24/09/2026 19:07
a0f43c9d-4277-4808-b72e-988fad99d2d0,kyle.fan,premium,128.7,128.7,high,low,4,namecheap,,,25/09/2026 12:33
12806674-be0f-4aef-bbc5-9a2928e2f6a5,applicant.fan,available,57.98,68.98,high,low,9,namecheap,,,19/09/2026 21:53
c06802f8-0bb3-46c0-9b1c-590b778b9d13,repayment.fan,available,43.67,43.67,high,low,9,spaceship,,,03/10/2026 01:54
65f15260-a0b3-415a-8313-f4c50adc4468,dynamics.fan,available,57.98,68.98,high,low,8,namecheap,,,29/09/2026 12:07
aa47b1a1-46e7-4821-a93b-841cb2214a24,splattered.fan,available,11.99,71.99,medium,low,10,name.com,,,13/08/2026 15:21
81090ed8-5506-421a-a59c-031edbcb88b0,kennedy.fan,available,57.98,68.98,high,low,7,namecheap,,,25/09/2026 23:14
e6a2ba70-8507-4222-935b-cf7bf3f1fdc3,supposedly.fan,available,43.67,43.67,medium,low,10,spaceship,,,28/09/2026 16:34
fb5b6965-a077-4c1f-819a-b596a795a18b,fedex.fan,available,43.67,43.67,high,low,5,spaceship,,,01/10/2026 13:01
6d37ce24-b783-489d-a751-ef8d877ceafe,yuma.fan,premium,,,high,low,4,,,,28/09/2026 11:07
52c6119d-d18b-4cb9-8d12-5d485363aeae,horary.fan,available,11.99,71.99,medium,low,6,name.com,,,21/08/2026 13:58
574d74e5-8f5c-4481-9354-4b157ddf1728,marjorie.fan,premium,102.67,102.67,medium,low,8,spaceship,,,29/09/2026 04:00
2bf3f47d-30bb-4b9c-adda-ffa868066194,deviate.fan,available,11.99,71.99,high,low,7,name.com,,,
14c74e83-bed0-4f0d-8e0e-5ca3c316008f,woozy.fan,available,11.99,71.99,medium,low,5,name.com,,,14/08/2026 14:06
9df69d4c-ee72-4d06-9481-68ce54e51fb4,undigested.fan,available,57.98,68.98,medium,low,10,namecheap,,,12/09/2026 08:01
42854789-e23b-46c4-9160-b53064356299,perth.fan,premium,260,260,high,low,5,namecheap,,,26/09/2026 00:00
790194a1-a56c-47f2-be46-3f76f1b7098b,drain.fan,available,57.98,68.98,high,low,5,namecheap,,,24/09/2026 23:49
bf381781-c04d-44b8-ac80-8ac1c141237a,basics.fan,available,6.69,43.77,high,low,6,porkbun,,,29/09/2026 01:23
cef7a847-96e7-481f-a0a4-9db8d1ef8f33,azo.fan,available,11.99,71.99,high,low,3,name.com,,,08/08/2026 02:17
442035ed-c08b-408b-a592-1fbdc48e8287,axilla.fan,available,57.98,68.98,medium,low,6,namecheap,,,20/09/2026 07:40
08435e4a-d933-43fe-928e-bdf3d81ae068,grub.fan,available,11.99,71.99,high,low,4,name.com,,,11/08/2026 09:30
e0830900-2e85-42aa-8a3b-183f7747c66e,napkin.fan,available,43.67,43.67,high,low,6,spaceship,,,02/10/2026 11:40
af599f31-51ad-4f00-ab14-74ee94c58e72,twilit.fan,available,11.99,71.99,medium,low,6,name.com,,,14/08/2026 21:33
634b3f7d-aab7-43bd-bbc1-25d433027a07,scares.fan,available,42.2,42.2,low,low,6,cloudflare,,,30/09/2026 07:09
826eeb84-24df-44ac-b26a-8859172ae54e,autopsy.fan,available,57.98,68.98,high,low,7,namecheap,,,21/09/2026 07:38
00bc7c52-909c-4257-acc2-bffa0006c669,substantially.fan,available,42.2,42.2,medium,low,13,cloudflare,,,29/09/2026 21:22
14d1fd19-54d7-425f-bb29-a1c50f447d9a,noor.fan,available,57.98,68.98,high,low,4,namecheap,,,30/09/2026 13:36
0ca98980-75dc-4d56-85ea-2d737229737c,schonberg.fan,available,57.98,68.98,medium,low,9,namecheap,,,20/09/2026 08:20
620a24b7-e021-49af-80bc-d9e3ebb09dcc,infrasonic.fan,available,11.99,71.99,medium,low,10,name.com,,,22/08/2026 04:48
12bb1646-7ae1-47b3-b397-fefe72adbe10,medley.fan,premium,102.67,102.67,high,low,6,spaceship,,,02/10/2026 05:45
28278b68-d211-4d69-bf42-ac7b77582b39,roger.fan,available,43.67,43.67,high,low,5,spaceship,,,01/10/2026 01:50
01909a41-d2e6-4b31-9345-77c0557d3bd6,courthouse.fan,available,57.98,68.98,medium,low,10,namecheap,,,28/09/2026 09:28
dc4e0ebe-3bf5-47a3-ace4-d064d57f09a8,lordship.fan,available,43.67,43.67,medium,low,8,spaceship,,,28/09/2026 19:44
01cb4f9e-b226-42ee-ad58-0c31bc89dbfa,glowingly.fan,available,57.98,68.98,medium,low,9,namecheap,,,14/09/2026 21:48
68eb6ded-4744-4354-8151-c39aa1ced6e9,himmler.fan,available,57.98,68.98,medium,low,7,namecheap,,,29/09/2026 13:01
5c916eee-dad2-4eb3-9922-9f13267d0617,congruent.fan,available,11.99,71.99,high,low,9,name.com,,,12/08/2026 21:57
bc93eaeb-abd7-488b-9099-8fb199e39328,units.fan,available,11.99,71.99,medium,low,5,name.com,,,17/09/2026 16:07
1ad3ddeb-415c-462d-90ea-b2b4651778df,graduate.fan,available,11.99,71.99,high,low,8,name.com,,,20/08/2026 17:51
b1183fed-6fe5-49f4-8dae-c0eecf0cbb2f,unshaven.fan,available,57.98,68.98,medium,low,8,namecheap,,,12/09/2026 19:40
880e7237-65e7-4fdb-9e15-e026dc10d2a1,reorganize.fan,available,57.98,68.98,high,low,10,namecheap,,,02/10/2026 06:46
b8e828a9-2920-408a-9895-b6ea8c2df94e,sizes.fan,available,57.98,68.98,medium,low,5,namecheap,,,19/09/2026 02:18
3fe6829c-3e11-4fe6-936b-853e2ae41853,plow.fan,available,43.67,43.67,high,low,4,spaceship,,,02/10/2026 04:34
eebabcc7-d728-4ed6-be8c-830afbc5c28a,slight.fan,available,6.64,45.16,high,low,6,dynadot,,,27/09/2026 22:32
62a1c035-a16e-4e71-91f9-f3166d5ddde0,liar.fan,available,43.67,43.67,high,low,4,spaceship,,,27/09/2026 14:44
a58bc8cd-8d05-4c1b-aab4-1d0117e1fd31,eugenic.fan,available,11.99,71.99,medium,low,7,name.com,,,17/08/2026 14:11
e900d268-cf3e-4757-92c0-a5cbccea1cc2,crucify.fan,available,11.99,71.99,medium,low,7,name.com,,,14/08/2026 21:17
0bd14ba0-f01e-4764-8a56-dfc5e6507065,sternal.fan,available,57.98,68.98,medium,low,7,namecheap,,,10/09/2026 20:18
144e1180-4842-4b98-869f-fcc059c52b2f,factually.fan,available,57.98,68.98,medium,low,9,namecheap,,,14/09/2026 17:27
946e1df9-28e0-4768-946a-f59424404612,twofold.fan,available,11.99,71.99,medium,low,7,name.com,,,14/08/2026 16:39
7eebcfaf-f19a-41ca-9035-2e09f49d42b9,turnpike.fan,available,42.2,42.2,high,low,8,cloudflare,,,30/09/2026 18:58
8832ad16-f088-42db-a36f-e1a6a52e462c,wellbeing.fan,available,6.64,45.16,high,low,9,dynadot,,,28/09/2026 09:56
640ec13a-bc48-4a66-84cc-1856a893c0b0,agrestic.fan,available,11.99,71.99,medium,low,8,name.com,,,
2f75456f-6ffb-4581-a3f6-7c8d58573a7a,vilna.fan,available,57.98,68.98,medium,low,5,namecheap,,,01/10/2026 18:52
de636dd4-d59e-4ad1-b39e-1917de606504,doorman.fan,available,6.64,45.16,high,low,7,dynadot,,,01/10/2026 01:48
9565ade6-edc8-492a-862e-9d23de90122a,amative.fan,available,11.99,71.99,medium,low,7,name.com,,,
66ec4d4b-e7f4-46db-9022-1cc0f6e62d54,unladylike.fan,available,57.98,68.98,medium,low,10,namecheap,,,12/09/2026 14:39
41063400-cf4c-452d-b181-1072a5178b79,angelology.fan,available,57.98,68.98,medium,low,10,namecheap,,,19/09/2026 06:02
0e01676f-774e-4c07-9d7a-2d3a15f79316,elisa.fan,premium,68.51,68.51,high,low,5,spaceship,,,28/09/2026 09:35
459448a5-63ee-458a-8179-2d9f8c96a2ab,kenny.fan,available,57.98,68.98,medium,low,5,namecheap,,,26/09/2026 03:38
26ddec46-bd69-4e2e-a556-953cef969be0,knightly.fan,available,11.99,71.99,high,low,8,name.com,,,12/08/2026 06:11
1df3b931-59ba-4224-b117-0e66cda71c51,montpellier.fan,premium,102.67,102.67,medium,low,11,spaceship,,,28/09/2026 21:53
6645fd7a-1d42-4713-8ce2-68a718575cdf,hrt.fan,available,43.67,43.67,high,low,3,spaceship,,,03/10/2026 01:14
0b405086-7ec2-499e-af49-267f01be7666,ascot.fan,available,57.98,68.98,high,low,5,namecheap,,,20/09/2026 13:27
d4325f0b-0282-4ec9-b292-e4d378530512,bills.fan,premium,128.7,128.7,medium,low,5,namecheap,,,18/09/2026 06:49
772b46e5-7f8b-42e7-915d-5a516c63fd3e,eyetooth.fan,available,11.99,71.99,medium,low,8,name.com,,,11/08/2026 16:59
3deb23a8-21ab-42a5-acf7-bf4a4af8537e,judgement.fan,available,43.67,43.67,high,low,9,spaceship,,,30/09/2026 01:01
47231eb0-b6e8-426f-8d21-a7174ac66084,alcatraz.fan,available,6.69,43.77,medium,low,8,porkbun,,,02/10/2026 08:29
bf8675e1-702d-4a4b-8580-e03ecce58227,pickles.fan,available,43.67,43.67,medium,low,7,spaceship,,,30/09/2026 12:43
e1b2c4b9-4cec-43fa-af26-69d23d8dbd84,backboard.fan,available,57.98,68.98,high,low,9,namecheap,,,21/09/2026 15:09
394ab95a-e2bd-4075-a411-0b87e70e01f6,scalene.fan,available,57.98,68.98,medium,low,7,namecheap,,,09/09/2026 22:25
ba8691bc-07a3-44ba-a513-cf3b80bc2603,nang.fan,available,43.67,43.67,high,low,4,spaceship,,,30/09/2026 19:24
3804aaf5-f131-4451-90e8-375457121933,bewitching.fan,available,11.99,71.99,medium,low,10,name.com,,,09/08/2026 18:19
c69acb2a-7e59-41f0-85cb-4c192ecaa0cb,internationally.fan,available,11.99,,medium,low,15,name.com,,,
dbeff21a-7dbb-4591-80c1-997d6363f5b2,alhaytham.fan,available,57.98,68.98,medium,low,10,namecheap,,,18/09/2026 00:48
97810016-5713-4609-97a3-551f84f6e18e,albuquerque.fan,premium,,,medium,low,11,,,,29/09/2026 05:43
f29783f8-ca41-4023-9968-aad3ee56d0d3,duluth.fan,premium,207.2,207.2,medium,low,6,spaceship,,,01/10/2026 19:17
51af49a6-17d0-4c15-9f84-8224aabf0a2a,coccoid.fan,available,11.99,71.99,medium,low,7,name.com,,,12/08/2026 14:41
bc6fe667-4830-4c9f-a278-f16bc4f7cb78,chantal.fan,available,43.67,43.67,medium,low,7,spaceship,,,02/10/2026 09:12
35cec212-20a8-4bb0-8089-a5340a0b6081,punishing.fan,available,11.99,71.99,high,low,9,name.com,,,06/08/2026 17:10
2614cf28-0263-4637-be57-166dde3e8859,lunt.fan,available,57.98,68.98,medium,low,4,namecheap,,,18/09/2026 06:40
5f9d2257-73bb-4dd8-b54e-66162a3113e2,transaction.fan,available,42.2,42.2,high,low,11,cloudflare,,,01/10/2026 10:33
97e49f1d-44b3-44cd-b5b8-b49b24977d90,videogames.fan,premium,102.67,102.67,medium,low,11,spaceship,,,01/10/2026 16:42
cee8f6e6-4555-4e73-ae1d-f3ba731641aa,gowns.fan,available,43.67,43.67,low,low,5,spaceship,,,01/10/2026 18:12
9b52a298-01f6-4211-9396-0c192ca842f7,napkins.fan,available,11.99,71.99,medium,low,7,name.com,,,21/09/2026 05:52
0287161b-3136-4ec2-afa0-9acca853f2a2,federer.fan,available,43.67,43.67,medium,low,7,spaceship,,,02/10/2026 09:49
e6d89e9f-93bd-47ff-8c13-7a0c26c0d36e,adagio.fan,available,11.99,71.99,high,low,6,name.com,,,
7686ba97-5737-4134-809a-acb49797eb9e,zymotic.fan,available,57.98,68.98,medium,low,7,namecheap,,,13/09/2026 15:57
9b9403f9-a470-44d4-91c9-0f5225f66933,bronx.fan,premium,260,260,high,low,5,namecheap,,,24/09/2026 10:43
3c5def7c-8d0a-401c-87a7-dc8bc6d78c7f,stimulated.fan,available,57.98,68.98,medium,low,10,namecheap,,,10/09/2026 20:42
b9a879e8-f070-4234-bc8e-16a658289264,inspiring.fan,available,57.98,68.98,high,low,9,namecheap,,,25/09/2026 09:50
8ce9ebea-706f-4ae4-a459-4cdf5e248ed1,slavery.fan,available,57.98,68.98,high,low,7,namecheap,,,10/09/2026 10:30
837cf700-fb95-43dd-b248-4ba5f538bf97,squiggly.fan,available,57.98,68.98,medium,low,8,namecheap,,,10/09/2026 17:43
de74ead7-f378-4510-a1e7-aba449f93e97,wood.fan,premium,260,260,high,medium,4,namecheap,,,25/09/2026 05:31
894b7cfa-7634-48b2-bb7d-f2bb4f9dd687,waterfall.fan,available,43.67,43.67,high,low,9,spaceship,,,28/09/2026 20:46
ef7d063c-113e-4052-a060-e4c28b1141f7,technicals.fan,available,57.98,68.98,medium,low,10,namecheap,,,18/09/2026 20:39
15ba0f06-0e41-41a0-b995-c2ad5d28dc5d,tit.fan,available,6.64,45.16,high,low,3,dynadot,,,29/09/2026 19:36
67251ff7-1441-43ed-9cb8-4e972de9bdbf,collagen.fan,available,43.67,43.67,high,low,8,spaceship,,,02/10/2026 14:42
0af57422-59aa-474e-b448-25a7f4705f2d,sunblind.fan,available,57.98,68.98,medium,low,8,namecheap,,,21/09/2026 10:15
c0a7c162-6dce-4764-9017-fd4109005742,populate.fan,available,11.99,71.99,high,low,8,name.com,,,24/08/2026 07:48
a3938a7f-f9e7-401a-97e1-8199d67c2e53,silvan.fan,available,57.98,68.98,medium,low,6,namecheap,,,19/09/2026 11:29
6ec580b0-5ef2-4b02-8661-51025902dd87,anaerobic.fan,available,11.99,71.99,medium,low,9,name.com,,,
f3f9a740-3f5e-4fcc-b9c8-c9e70858bc57,entrenched.fan,available,57.98,68.98,medium,low,10,namecheap,,,24/09/2026 14:13
b16c2891-7f2c-4aa2-9cdf-6e6214554603,pliny.fan,available,43.67,43.67,medium,low,5,spaceship,,,28/09/2026 01:57
ac8590e4-e805-453f-b678-5a34d2212ce1,micah.fan,premium,102.67,102.67,high,low,5,spaceship,,,02/10/2026 04:08
0e13a10c-69a3-4e8a-bb79-8de124852975,aegis.fan,available,57.98,68.98,high,medium,5,namecheap,,,17/09/2026 12:19
5ab72415-451c-469e-8260-e5069b65b66c,loathing.fan,available,57.98,68.98,medium,low,8,namecheap,,,16/09/2026 15:27
71debfd7-13f9-4c05-886b-1400db46ca06,monument.fan,available,43.67,43.67,high,low,8,spaceship,,,28/09/2026 14:54
a02d163c-88bc-488f-9fd4-2e3f50f55c8a,sodden.fan,available,57.98,68.98,medium,low,6,namecheap,,,10/09/2026 13:24
2ca51a36-fad2-4660-bcb8-fc6a7d87b242,misprint.fan,available,11.99,71.99,medium,low,8,name.com,,,24/08/2026 02:49
c6201660-a3e1-4799-8ae5-b830a5a33370,arithmancy.fan,available,57.98,68.98,medium,low,10,namecheap,,,20/09/2026 06:00
3ae0d7df-37f0-45c8-b019-8ec5f0319c0a,pacify.fan,available,11.99,71.99,high,low,6,name.com,,,18/08/2026 22:00
37181b49-e1e3-46ee-93a4-341631eb0d29,affection.fan,available,57.98,68.98,high,low,9,namecheap,,,17/09/2026 14:16
2272c320-74cd-4925-b71c-c541caf34906,upcoming.fan,available,11.99,71.99,high,low,8,name.com,,,06/08/2026 08:39
da7859f1-e533-4205-9333-dcb63ff3955c,highschool.fan,available,6.69,43.77,high,low,10,porkbun,,,29/09/2026 22:46
096af7fb-49af-43f5-b619-edaf89a49065,mets.fan,premium,102.67,102.67,high,medium,4,spaceship,,,30/09/2026 23:30
529e861e-ed0e-420a-8be0-db31a34559b8,margin.fan,available,42.2,42.2,high,low,6,cloudflare,,,29/09/2026 01:09
49005ac7-ab44-4ee3-b6e6-41ea749ad14e,papillary.fan,available,57.98,68.98,medium,low,9,namecheap,,,05/09/2026 01:21
13ebd83f-bb17-4348-83c3-fcaaff08fdf1,grandson.fan,available,42.2,42.2,high,low,8,cloudflare,,,29/09/2026 21:28
4b770770-f386-4280-b0e9-76ccda6cfb92,heartleaf.fan,available,57.98,68.98,medium,low,9,namecheap,,,20/09/2026 12:53
1b6e8a29-6696-4104-9f27-a0e4b58ceb5f,antitype.fan,available,57.98,68.98,medium,low,8,namecheap,,,19/09/2026 15:14
44fb30f5-8da4-4dca-a2b7-56d3b72f1952,acanthurus.fan,available,57.98,68.98,medium,low,10,namecheap,,,16/09/2026 20:58
99b6e483-f3b7-468e-b369-de242baa0a07,fluoride.fan,available,43.67,43.67,high,low,8,spaceship,,,02/10/2026 04:54
249f376b-df5a-4a52-9ba3-071f080656fe,costumes.fan,available,6.64,45.16,medium,low,8,dynadot,,,28/09/2026 05:07
8bcd56a7-55d2-442f-8d50-1141ef00dc21,employed.fan,available,11.99,71.99,high,low,8,name.com,,,16/08/2026 18:24
a8d74f86-3a53-410d-9e0e-adf83f46c00e,hallway.fan,available,42.2,42.2,high,low,7,cloudflare,,,28/09/2026 05:56
4691a7de-01f7-4092-832b-7df4c0f49691,region.fan,available,43.67,43.67,high,low,6,spaceship,,,30/09/2026 09:23
12001a7c-5250-474d-82e4-2f644ae9e3dd,dogmatism.fan,available,57.98,68.98,medium,low,9,namecheap,,,23/09/2026 15:23
692a1473-be41-4282-bfd2-5b7bcda11b9f,snarl.fan,available,11.99,71.99,medium,low,5,name.com,,,24/08/2026 16:56
78897a3d-0abd-411c-8cc5-8f8eb76b8ca5,stead.fan,available,57.98,68.98,high,low,5,namecheap,,,01/10/2026 20:20
74355c73-5b12-4881-b2ec-6b9466e720f7,razed.fan,available,11.99,71.99,medium,low,5,name.com,,,14/08/2026 01:24
2d47932f-ef6a-4b29-bfb5-9f2c39dcff2d,carefully.fan,available,42.2,42.2,medium,low,9,cloudflare,,,28/09/2026 13:46
ac61be9e-2c8e-4e37-ab18-e817d64b4686,deadlocked.fan,available,11.99,71.99,medium,low,10,name.com,,,13/08/2026 19:27
2c993a5a-ae5f-4311-97f5-00695d3da078,unnoted.fan,available,57.98,68.98,medium,low,7,namecheap,,,04/09/2026 21:08
841b990e-29f7-4446-be88-7c336ffe572d,poisson.fan,available,43.67,43.67,medium,low,7,spaceship,,,28/09/2026 11:23
db10855f-16a0-462e-848d-0da0f9de85f8,cheered.fan,available,43.67,43.67,high,low,7,spaceship,,,30/09/2026 15:15
bb20dfd6-2d5b-4352-8062-e42e545ccf66,ourselves.fan,available,57.98,68.98,medium,low,9,namecheap,,,27/09/2026 08:55
04c93a68-14ff-42f9-a5f7-9af616ff6c00,dormant.fan,available,11.99,71.99,high,low,7,name.com,,,
c1b67841-87a4-4239-9e72-c8b4e5d7eba5,ithaca.fan,available,42.2,42.2,high,low,6,cloudflare,,,27/09/2026 14:23
bd6c8e4a-51bb-46ba-9e6d-cad145d251d9,height.fan,available,57.98,68.98,high,low,6,namecheap,,,25/09/2026 19:39
6697e99d-696c-43b4-b389-0ced4d440124,casinos.fan,available,42.2,42.2,high,low,7,cloudflare,,,29/09/2026 17:35
0df9bf57-15ca-471e-a715-ab736493d018,footwear.fan,available,43.67,43.67,high,low,8,spaceship,,,01/10/2026 03:31
2d092419-3cb1-4f3a-9117-3329201b2eff,somersault.fan,available,11.99,71.99,high,low,10,name.com,,,18/08/2026 08:25
5df55dd1-1168-4a36-bab0-e693af9bbfe1,pane.fan,available,57.98,68.98,high,low,4,namecheap,,,21/09/2026 14:30
477fec18-a75a-4ed3-b02a-de8ac8a908f1,rosary.fan,available,6.69,43.77,high,low,6,porkbun,,,02/10/2026 06:08
75f609b7-3740-4bc7-b898-ed2350a62668,lightwood.fan,available,57.98,68.98,medium,low,9,namecheap,,,16/09/2026 20:15
f1d6012f-9a89-43e6-b0d9-90a46e93f02e,eyry.fan,available,11.99,71.99,high,low,4,name.com,,,
a3dfcecf-b596-4e49-bcaa-a3dade09cf8a,notified.fan,available,43.67,43.67,medium,low,8,spaceship,,,28/09/2026 05:08
033a1a65-b120-4cf7-b638-82070f2179c2,picture.fan,available,57.98,68.98,high,low,7,namecheap,,,24/09/2026 16:54
88d2d509-52df-4571-84be-53dbc6d4e702,lending.fan,premium,102.67,102.67,high,low,7,spaceship,,,29/09/2026 07:28
1d38665e-716c-4804-91d0-16c7583eb59d,tautly.fan,available,57.98,68.98,medium,low,6,namecheap,,,16/09/2026 08:09
7e753f38-4d5e-486c-b304-5adc7d498827,emulate.fan,available,43.67,43.67,high,low,7,spaceship,,,01/10/2026 04:12
d23b7a77-d1fa-48b6-b81b-9698798065cd,intrusive.fan,available,11.99,71.99,high,low,9,name.com,,,22/08/2026 08:49
3b7fac2a-3799-415f-b6fd-8724dfcc5b94,aneurysm.fan,available,57.98,68.98,medium,low,8,namecheap,,,19/09/2026 05:41
a9b20b15-b719-4cb6-b6b6-31da952b03ab,sufism.fan,available,42.2,42.2,high,low,6,cloudflare,,,01/10/2026 21:54
ff8378bd-217b-491e-ae1d-905fe2916b4a,gooch.fan,premium,,,medium,low,5,,,,30/09/2026 19:40
dca5b8e9-1ac3-4798-b7c6-47b7c7c8908a,boutique.fan,premium,108.9,108.9,high,low,8,dynadot,,,02/10/2026 10:33
255d8a0d-09fb-4045-a8a8-07971cfd5b96,communal.fan,available,43.67,43.67,high,low,8,spaceship,,,30/09/2026 16:12
0f2cedc4-9a3d-4943-9bbb-9f1799b88fe3,feynman.fan,available,6.64,45.16,high,low,7,dynadot,,,02/10/2026 04:50
a50071d7-653d-46c1-811f-2099d7202244,easily.fan,available,57.98,68.98,high,low,6,namecheap,,,24/09/2026 13:14
1b844107-0f7c-4bb8-8345-aef893326a43,freezing.fan,available,57.98,68.98,high,low,8,namecheap,,,25/09/2026 06:10
4328b744-3ef8-4587-96c6-2fc14daf33fd,gregorian.fan,available,11.99,71.99,high,low,9,name.com,,,20/08/2026 19:58
b06b3f79-e5a7-4c96-97ec-4e28fd7b002f,recite.fan,available,43.67,43.67,high,low,6,spaceship,,,29/09/2026 20:08
c9fda050-21a1-4657-8356-285ed5f16057,arundo.fan,available,57.98,68.98,medium,low,6,namecheap,,,20/09/2026 12:25
efa72f08-94f0-462b-a169-a6df5d93f05e,noisily.fan,available,57.98,68.98,medium,low,7,namecheap,,,15/09/2026 16:46
86bfe7c6-f818-4537-ac3f-c440ecb4dd7d,consciously.fan,available,43.67,43.67,medium,low,11,spaceship,,,30/09/2026 20:00
7e662f88-9d51-466d-81b5-d205d472a75a,explorers.fan,available,42.2,42.2,medium,low,9,cloudflare,,,30/09/2026 07:27
ea416285-3584-44a7-8041-9cd30877db6c,modernizing.fan,available,42.2,42.2,high,low,11,cloudflare,,,29/09/2026 14:57
06d24a65-5c61-42da-b40b-eee850190a78,bedamn.fan,available,11.99,71.99,medium,low,6,name.com,,,13/08/2026 16:21
7a359260-f933-4f5b-93ae-62c483c0b699,dullard.fan,available,57.98,68.98,low,low,7,namecheap,,,10/09/2026 23:07
17c4aa8b-cc1b-4227-8e7e-0517b119c488,townshend.fan,available,43.67,43.67,medium,low,9,spaceship,,,29/09/2026 04:20
5106204f-2122-4269-9a31-eb62b097d404,madera.fan,available,43.67,43.67,medium,low,6,spaceship,,,30/09/2026 12:25
795bc802-bf69-4a96-9ecc-a99e2e77995a,hailed.fan,available,6.69,43.77,medium,low,6,porkbun,,,30/09/2026 15:28
3885b629-668c-4b86-9193-b94593582407,wales.fan,available,6.64,45.16,high,low,5,dynadot,,,29/09/2026 06:12
4770740e-c0ea-424b-97c9-0aeef6274974,winnings.fan,available,6.64,45.16,high,low,8,dynadot,,,30/09/2026 11:20
a9ee6bf2-e3f2-4b2a-9c26-0bab94e574d4,science.fan,premium,102.67,102.67,high,medium,7,spaceship,,,02/10/2026 19:52
ebe95fc5-ce1c-4354-b72d-5c848b75d52f,slime.fan,available,43.67,43.67,high,low,5,spaceship,,,29/09/2026 12:55
ba476c9e-d4d2-4114-8999-0c795f13c36b,dignitary.fan,available,43.67,43.67,high,low,9,spaceship,,,29/09/2026 14:54
3e1de66c-3b55-494f-8c20-58b79a5d9ab5,rosen.fan,premium,128.7,128.7,medium,low,5,namecheap,,,26/09/2026 03:15
c9369d58-29f0-4839-ae3a-18f715ad282f,chalmers.fan,available,43.67,43.67,medium,low,8,spaceship,,,27/09/2026 20:38
6feccc3e-808a-4ba7-a8e9-f7dc64f3561c,michelson.fan,available,57.98,68.98,medium,low,9,namecheap,,,16/09/2026 12:52
09348cbe-5817-47f3-bc68-804ce94f36d9,penny.fan,available,43.67,43.67,high,low,5,spaceship,,,30/09/2026 06:37
0ba87f47-03c4-4c84-b0ad-8daebf182339,stryker.fan,available,42.2,42.2,high,low,7,cloudflare,,,30/09/2026 20:24
e9555ce4-22c1-4aef-9d27-8aa708079c73,ldp.fan,available,57.98,68.98,high,low,3,namecheap,,,30/09/2026 03:15
b9457cd2-5e0f-44c3-adf1-d4ede3a1e77b,unfortunate.fan,available,57.98,68.98,medium,low,11,namecheap,,,26/09/2026 03:07
24d0e75b-4657-4f1c-9b93-9757a4eb0c0e,shrubs.fan,available,43.67,43.67,medium,low,6,spaceship,,,30/09/2026 22:40
97a2c6a7-264d-46a6-9dcb-bf53ef1c2579,fayette.fan,available,6.69,43.77,medium,low,7,porkbun,,,27/09/2026 20:20
3a94ce94-a9cc-47df-a65c-b332e8dae70c,apophatic.fan,available,11.99,71.99,medium,low,9,name.com,,,06/08/2026 02:27
f37955cd-fef3-4e74-9ca3-76f4d9b46363,cant.fan,available,57.98,68.98,medium,low,4,namecheap,,,13/09/2026 04:09
d5354b5e-e0f1-4da9-9ea0-1b5f70a10c41,dialog.fan,available,57.98,68.98,high,low,6,namecheap,,,24/09/2026 22:13
9297f5cb-d810-4d14-b6a9-b2bb8478a489,playful.fan,available,57.98,68.98,high,low,7,namecheap,,,08/09/2026 20:58
cbf162a4-dd85-46d2-ba47-337c45ba8561,persecuted.fan,available,43.67,43.67,low,low,10,spaceship,,,30/09/2026 06:36
9dc22fb5-c173-4197-a3d1-28b9ceefdd15,morose.fan,available,11.99,71.99,medium,low,6,name.com,,,20/08/2026 15:01
13eecc7b-bff2-40ca-8c4c-e33c1850b0ea,baneberry.fan,available,57.98,68.98,medium,low,9,namecheap,,,22/09/2026 01:43
09066e8f-702c-4e83-a2e1-503e014314dc,respecting.fan,available,43.67,43.67,medium,low,10,spaceship,,,01/10/2026 21:57
f4d3d35a-c594-4253-8cbe-16426178ee5f,undeveloped.fan,available,42.2,42.2,medium,low,11,cloudflare,,,02/10/2026 17:05
9cdf724f-ddcc-474b-ab09-48b4c0a0b8f0,penned.fan,available,43.67,43.67,medium,low,6,spaceship,,,02/10/2026 23:05
989795fc-accc-4a57-a815-fa3131697d0f,historical.fan,available,57.98,68.98,high,low,10,namecheap,,,24/09/2026 10:25
ab5908eb-abc5-4d0d-8e42-bf76fb988e2e,andalucia.fan,available,57.98,68.98,high,low,9,namecheap,,,19/09/2026 03:58
e49d9112-cec4-4bf4-90cc-ed691ee9f871,scrubby.fan,available,57.98,68.98,medium,low,7,namecheap,,,09/09/2026 23:39
9fe61a91-f2dd-422f-be67-2fddc027b5db,anciently.fan,available,57.98,68.98,medium,low,9,namecheap,,,13/09/2026 19:42
9e8f6483-5730-4fb3-9537-c815df7dfb9e,noncitizen.fan,available,11.99,71.99,medium,low,10,name.com,,,
90113518-fec5-4527-abeb-8e170f495098,flagrant.fan,available,11.99,71.99,medium,low,8,name.com,,,15/08/2026 19:50
ebc0bfa7-9756-4e41-b227-b5dbdc462899,antimony.fan,available,57.98,68.98,medium,low,8,namecheap,,,19/09/2026 14:45
5893670b-d4d0-4778-9d07-e467e0c8b2c0,taxi.fan,premium,260,260,high,low,4,namecheap,,,24/09/2026 11:29
bc87c76e-2af4-4d02-a3d4-8136a5ee280d,pottsville.fan,available,6.64,45.16,medium,low,10,dynadot,,,02/10/2026 10:34
580d3b09-489c-4cfe-be54-97a00f70e32d,fonda.fan,available,42.2,42.2,medium,low,5,cloudflare,,,29/09/2026 06:57
53d8e970-2a0d-4296-98bb-b12270d6b2dd,henrietta.fan,available,57.98,68.98,high,low,9,namecheap,,,25/09/2026 17:42
b680c9ba-50e6-49e7-8d02-c6ed82e497ff,cyanide.fan,available,57.98,68.98,medium,low,7,namecheap,,,30/09/2026 09:19
332a32a7-19c3-4522-ac08-af40f83eadfd,acquisition.fan,available,57.98,68.98,high,low,11,namecheap,,,01/10/2026 03:39
aa130948-b177-4c75-9467-9f00413d0b60,liveness.fan,available,57.98,68.98,high,low,8,namecheap,,,19/09/2026 09:04
ca0f37e1-5663-4d63-ad02-64fe2923e59e,swinburne.fan,available,57.98,68.98,medium,low,9,namecheap,,,18/09/2026 07:03
a773eee0-9b29-4b30-8cc8-531d9970f698,brighten.fan,available,43.67,43.67,high,low,8,spaceship,,,30/09/2026 16:33
8922e841-8148-48c2-8ce6-09af8671ecc0,kaunas.fan,available,43.67,43.67,medium,low,6,spaceship,,,01/10/2026 02:48
3ebf38b7-d1a1-4789-89d6-8a6fdc7dbb45,bernini.fan,available,57.98,68.98,high,low,7,namecheap,,,23/09/2026 09:56
4591e307-8b22-4fde-b484-a1ec697f412b,palgrave.fan,available,43.67,43.67,medium,low,8,spaceship,,,01/10/2026 19:38
e1a3ebd6-dae3-4517-b48d-3827dcac8750,escaping.fan,available,42.2,42.2,high,low,8,cloudflare,,,28/09/2026 21:14
3d7d9cfc-7f2a-4257-b51f-acb23c419f59,slushy.fan,available,11.99,71.99,medium,low,6,name.com,,,09/08/2026 01:25
35fc4cc9-5db1-4643-8a83-e4ca7c670d87,avulsion.fan,available,57.98,68.98,medium,low,8,namecheap,,,21/09/2026 09:54
3fd04cb8-8f22-4cf4-8cab-8ae77c7c6218,verdant.fan,available,57.98,68.98,high,low,7,namecheap,,,13/09/2026 02:22
59a55e8f-c8e1-455d-a76b-28b11fb16f70,ochreous.fan,available,57.98,68.98,medium,low,8,namecheap,,,01/10/2026 23:27
eb17b2fe-d612-47a8-971e-72f955eb7393,linnean.fan,available,11.99,71.99,medium,low,7,name.com,,,23/08/2026 17:24
76ac33f5-c954-4195-98d4-90880f1e7ae7,wildcats.fan,premium,102.67,102.67,medium,low,8,spaceship,,,02/10/2026 03:20
903e2030-11dc-4aa5-aa29-a2fcb7831733,goethe.fan,available,43.67,43.67,medium,low,6,spaceship,,,03/10/2026 00:59
014fe96b-857b-431b-b400-ad7158f773f1,anhedonia.fan,available,57.98,68.98,medium,low,9,namecheap,,,19/09/2026 07:46
0fd53f2d-b890-4ead-8e78-400de9960f29,malayalam.fan,available,43.67,43.67,high,low,9,spaceship,,,30/09/2026 17:57
6549e66a-95f7-4579-8075-122f449d8666,invitation.fan,available,42.2,42.2,high,low,10,cloudflare,,,30/09/2026 00:21
26a1f6a2-606f-4931-bdf1-6f4c602badcc,revisions.fan,available,57.98,68.98,medium,low,9,namecheap,,,20/09/2026 05:28
9d478dc9-5c6c-4ec9-80fb-ebda55f2dcd5,yvette.fan,available,57.98,68.98,medium,low,6,namecheap,,,30/09/2026 20:09
13ae7b77-2dfa-4078-961d-fe3174210b49,welfare.fan,available,11.99,71.99,high,low,7,name.com,,,08/09/2026 03:13
8686d1ec-7035-491e-a5ef-5c9422325be8,injections.fan,available,57.98,68.98,medium,low,10,namecheap,,,01/10/2026 17:46
08db4f63-89a8-4a0c-9b17-f220bbbb7ca2,vertically.fan,available,11.99,71.99,medium,low,10,name.com,,,16/09/2026 10:53
98216e2b-f245-4d30-b232-4963bdbf8a73,nevin.fan,available,6.69,43.77,medium,low,5,porkbun,,,02/10/2026 09:51
6ba25caa-fec6-4e97-89c8-9a1b5e47c0ab,spraying.fan,available,43.67,43.67,high,low,8,spaceship,,,01/10/2026 19:08
6236233c-35e4-4612-97bf-d6e0b01caf0f,lilting.fan,available,11.99,71.99,high,low,7,name.com,,,23/08/2026 08:41
3e6ae1ac-e690-43cf-ab94-6a501b8c76af,skirmish.fan,available,43.67,43.67,high,low,8,spaceship,,,02/10/2026 15:00
d27dc55c-b35a-408c-a57d-3c05d2ced1ea,balustrade.fan,available,57.98,68.98,high,low,10,namecheap,,,22/09/2026 00:29
10668706-0df1-4516-ae7b-ae64f64d8bff,oncologic.fan,available,57.98,68.98,medium,low,9,namecheap,,,04/09/2026 14:25
7fe40756-a999-498c-8289-de679744f855,officers.fan,available,11.99,,medium,low,8,name.com,,,
d5405319-ddd7-4204-8fbd-55b8a40cd566,chained.fan,available,11.99,71.99,medium,low,7,name.com,,,12/08/2026 01:23
056c4870-dcc3-494d-888a-3ab6371ec4c3,truncated.fan,available,57.98,68.98,medium,low,9,namecheap,,,11/09/2026 20:42
e1a622ff-60b6-483d-9a02-9bce4307ffab,glassed.fan,available,11.99,71.99,medium,low,7,name.com,,,20/08/2026 14:07
7b25dab5-a6d1-4e95-b72c-8302857fb61c,foe.fan,available,43.67,43.67,medium,low,3,spaceship,,,29/09/2026 18:55
1906755f-43e6-4086-b12b-01cf5cea02e1,nutty.fan,premium,250,250,high,low,5,name.com,,,06/08/2026 21:27
12f1aedc-a019-4617-a013-5c1f09850a8b,seamen.fan,available,6.69,43.77,medium,low,6,porkbun,,,02/10/2026 01:38
777a32b7-d69c-4b75-9b8f-f3fe52cb8e59,deferred.fan,available,43.67,43.67,high,low,8,spaceship,,,03/10/2026 02:43
9e2021c4-8083-4080-9d99-7a82a2792916,intended.fan,available,57.98,68.98,high,low,8,namecheap,,,25/09/2026 09:53
8f715a10-ea0a-42c0-913a-0f467d5024a2,little.fan,premium,128.7,128.7,high,low,6,namecheap,,,24/09/2026 17:48
71b7db70-e344-4336-a22f-6a34ae0079b9,hominal.fan,available,11.99,71.99,medium,low,7,name.com,,,21/08/2026 11:35
fe82219a-a40f-4f82-a5aa-baee49afeed7,fantasm.fan,available,57.98,68.98,medium,low,7,namecheap,,,08/09/2026 18:39
fac0ae68-3dba-41bb-9039-b89d7afffd54,grandma.fan,available,42.2,42.2,high,low,7,cloudflare,,,29/09/2026 21:15
eb6c7ac6-94cf-41e9-8498-2ce14ceb2df0,crook.fan,premium,123.75,123.75,medium,low,5,name.com,,,13/08/2026 06:27
d554c0da-a7b4-4f91-a8e9-eb77cf607e1f,lumber.fan,available,57.98,68.98,high,low,6,namecheap,,,22/09/2026 10:02
658e13dd-b449-4238-9ad7-72df41ca27a6,dude.fan,available,11.99,71.99,high,low,4,name.com,,,13/08/2026 17:07
9ae104e6-0869-41b0-b3d0-331b290379d6,footballer.fan,available,6.69,43.77,high,low,10,porkbun,,,29/09/2026 19:49
3ae8c413-969d-49fe-a4ad-23429e7b15ed,wreath.fan,available,57.98,68.98,high,low,6,namecheap,,,30/09/2026 16:41
7e1cfb00-b05c-4c20-862b-eed507500b69,enclothe.fan,available,57.98,68.98,medium,low,8,namecheap,,,19/09/2026 19:54
a4a6606e-61f8-422c-97a1-708f93ee25ad,adirondack.fan,available,57.98,68.98,medium,low,10,namecheap,,,28/09/2026 21:35
bc60fb73-dc74-46f7-9605-63a4ed786263,baulk.fan,available,11.99,71.99,medium,low,5,name.com,,,14/08/2026 04:57
200572ed-94b6-4c75-9ec1-574ead5fa406,operating.fan,available,43.67,43.67,high,low,9,spaceship,,,02/10/2026 11:45
90e32e23-243e-4cc0-8d98-f91c0f784051,antidotal.fan,available,11.99,71.99,medium,low,9,name.com,,,
c2e0a2ca-4ec1-4251-b9ee-0467b4e39e23,confrontation.fan,available,57.98,68.98,low,low,13,namecheap,,,28/09/2026 17:10
bef2c48c-96a5-433d-8669-c78d022a965b,bindweed.fan,available,57.98,68.98,medium,low,8,namecheap,,,23/09/2026 17:12
d4923b7b-3781-4120-8c11-bed34635b33b,polemist.fan,available,57.98,68.98,medium,low,8,namecheap,,,08/09/2026 22:57
e82c8cec-54c5-4cd4-a982-c35e8b47412b,schenectady.fan,premium,260,260,medium,low,11,namecheap,,,28/09/2026 12:25
f3327f74-28cd-4aeb-ad5f-158dcad263ef,mtr.fan,available,43.67,43.67,high,low,3,spaceship,,,01/10/2026 23:54
2567cfaa-6237-429a-8fff-8367522ca57b,literary.fan,available,57.98,68.98,high,low,8,namecheap,,,02/10/2026 11:29
6e6a61ac-2002-495e-826f-e79bbbfcd6dc,brockton.fan,available,6.69,43.77,high,low,8,porkbun,,,30/09/2026 14:00
4562a197-f225-452f-a817-c7d04936567a,bonded.fan,available,43.67,43.67,medium,low,6,spaceship,,,29/09/2026 05:02
ca46a283-81e7-46aa-b2cd-dd758e326815,sanctum.fan,available,11.99,71.99,high,low,7,name.com,,,21/08/2026 10:47
7f862876-fb51-49f9-acd9-dba136f47b2c,pentium.fan,available,43.67,43.67,high,low,7,spaceship,,,01/10/2026 11:44
6734c219-7cf1-402c-9445-3e77404e0d00,scars.fan,available,57.98,68.98,medium,low,5,namecheap,,,20/09/2026 11:02
beed6363-5c42-436a-ada7-cfe1de94c709,guerrero.fan,available,43.67,43.67,high,low,8,spaceship,,,28/09/2026 04:07
9b1b1a8d-8ba5-4964-8e1f-5bf9eb7dd4b2,unwise.fan,available,57.98,68.98,medium,low,6,namecheap,,,12/09/2026 22:42
27182666-8ca3-472c-8b47-744c142ed891,femoral.fan,available,11.99,71.99,medium,low,7,name.com,,,18/08/2026 01:05
50c91939-0e6f-443b-9ac9-7d02a9514af3,resonating.fan,available,43.67,43.67,high,low,10,spaceship,,,27/09/2026 12:29
f5503fee-dca4-407b-a662-59b23c283de7,dour.fan,available,11.99,71.99,medium,low,4,name.com,,,14/08/2026 14:56
ae6a7eea-fafb-41a9-8a74-8ee31ad99c0d,idyl.fan,available,57.98,68.98,high,low,4,namecheap,,,08/09/2026 10:13
5b3abae7-33c5-4c7f-9946-5e9ef4905da9,robustly.fan,available,57.98,68.98,medium,low,8,namecheap,,,15/09/2026 23:57
43709fe3-ab38-417b-b353-264a82105155,montreal.fan,premium,109.53,218.86,high,low,8,porkbun,,,30/09/2026 05:13
4b994994-f247-4f3e-9fff-8199c8a6b82b,tractable.fan,available,11.99,71.99,medium,low,9,name.com,,,24/08/2026 15:10
9424e86f-b007-44dc-b0e9-3c5953e1f52c,checking.fan,available,57.98,68.98,high,low,8,namecheap,,,25/09/2026 12:11
3356c571-76db-4308-8699-b6b9760ebef3,steakhouse.fan,available,57.98,68.98,high,low,10,namecheap,,,24/09/2026 14:46
35766865-3a5d-4475-8cd9-dfc0bba41044,columbus.fan,premium,207.2,207.2,high,low,8,spaceship,,,28/09/2026 05:23
b2d08de1-a2fd-4e92-b82f-76da9fe50835,obscured.fan,available,6.64,45.16,medium,low,8,dynadot,,,02/10/2026 18:07
4bc42f4b-f8a1-4ce7-a212-7f7eaa3b667e,antoninus.fan,available,57.98,68.98,medium,low,9,namecheap,,,19/09/2026 15:34
fad0646d-1d57-43d5-9f55-ea345805be0d,clothes.fan,available,42.2,42.2,high,low,7,cloudflare,,,28/09/2026 21:50
182c2144-2d5b-440d-bb75-7ff1c7b3a6b0,flatness.fan,available,11.99,71.99,medium,low,8,name.com,,,24/08/2026 17:17
e50ca56a-b23b-4f64-9761-ea00e2b0d8cd,lyric.fan,available,57.98,68.98,high,low,5,namecheap,,,25/09/2026 15:47
72f8ae22-b145-42d0-bf63-58af7b03f491,subscriber.fan,available,57.98,68.98,high,low,10,namecheap,,,24/09/2026 17:47
c3e1e206-da22-4e45-a67c-d35ffb894d8e,ceaseless.fan,available,11.99,71.99,medium,low,9,name.com,,,11/08/2026 23:01
81f338c9-f3a3-46d8-9156-c3983d62586d,hewitt.fan,premium,85.8,85.8,high,low,6,namecheap,,,25/09/2026 15:59
c6c51ff7-6d68-49af-9823-43ab9d9bdf3f,allergenic.fan,available,11.99,71.99,medium,low,10,name.com,,,
7782dd11-ba9e-4ba6-ac1f-a14abc8e60a8,sideways.fan,available,57.98,68.98,high,low,8,namecheap,,,24/09/2026 01:14
daaa76fe-ee69-4749-b34a-e2aeedb75a0c,soundtrack.fan,available,43.67,43.67,high,low,10,spaceship,,,30/09/2026 18:47
0e7cd3c5-80a7-4771-ad92-e6a410144241,expires.fan,available,57.98,68.98,medium,low,7,namecheap,,,20/09/2026 13:50
b1e06e13-c1f3-4523-9196-273895bf9641,puebla.fan,premium,260,260,medium,low,6,namecheap,,,28/09/2026 10:03
9d939af1-cf49-4573-8dfe-1e0e0089ed89,gingery.fan,available,11.99,71.99,high,low,7,name.com,,,18/08/2026 23:53
e7a6d0ab-2a8a-407a-b8d1-eddaa1d97d2d,ephesus.fan,available,43.67,43.67,medium,low,7,spaceship,,,29/09/2026 06:27
1e532a7f-ef7a-455f-9b5a-8f67757bb6be,moorhead.fan,available,43.67,43.67,medium,low,8,spaceship,,,30/09/2026 05:19
84db58ce-d39c-411c-8900-630175c44ee8,adit.fan,available,57.98,68.98,medium,low,4,namecheap,,,17/09/2026 08:21
e8f18ef5-3428-4f46-a026-a8904c9a6706,edta.fan,available,6.69,43.77,high,low,4,porkbun,,,02/10/2026 14:57
b16b308f-16a9-4125-a808-73d7caaa05a1,defenders.fan,available,43.67,43.67,medium,low,9,spaceship,,,01/10/2026 00:48
d6a73f03-dfaa-402c-9238-ea4c9f9722f7,whistling.fan,available,43.67,43.67,medium,low,9,spaceship,,,28/09/2026 20:47
53a054d9-16c7-4b11-b1c9-12076b3b96ca,rove.fan,available,11.99,71.99,high,low,4,name.com,,,10/09/2026 22:12
43d7c92f-866d-486a-92e6-37f4937853ca,curtains.fan,available,57.98,68.98,medium,low,8,namecheap,,,28/09/2026 23:24
7286778f-b435-4336-b469-6c1972e558fe,arduous.fan,available,11.99,71.99,medium,low,7,name.com,,,06/08/2026 16:40
f42a38a6-254f-41c6-83b4-026ed32e514a,parameter.fan,available,57.98,68.98,high,low,9,namecheap,,,02/10/2026 16:19
da980a3e-3434-4707-aa71-5691ac84b3c4,neophyte.fan,available,11.99,71.99,high,low,8,name.com,,,18/08/2026 07:34
c8fc6354-d84d-4df4-a674-d986d8a6ceae,still.fan,premium,128.7,128.7,high,low,5,namecheap,,,23/09/2026 12:34
df205fde-8e70-4238-9403-577750847923,mints.fan,available,43.67,43.67,medium,low,5,spaceship,,,02/10/2026 22:49
62333589-4b23-46c0-9925-4cc150929257,snail.fan,available,42.2,42.2,high,low,5,cloudflare,,,29/09/2026 06:48
7392705e-8895-4766-be1d-759aa9bcff2c,ganesh.fan,available,42.2,42.2,high,low,6,cloudflare,,,02/10/2026 04:59
d2859cae-1af9-46b6-9815-746b21384559,cross.fan,premium,128.7,128.7,high,low,5,namecheap,,,22/09/2026 16:13
a5119d1a-6df8-4e23-98d0-cfbb0534e388,revised.fan,available,43.67,43.67,high,low,7,spaceship,,,27/09/2026 14:32
fa70137f-475b-46ab-8891-2a24a9c17d0d,killers.fan,available,57.98,68.98,medium,low,7,namecheap,,,27/09/2026 11:04
d3447596-a3db-408a-b38d-bf7e437928eb,beds.fan,available,42.2,42.2,high,low,4,cloudflare,,,27/09/2026 18:14
dc1e9726-d20c-4585-8ae3-0f67bd5d3e6d,pivot.fan,available,43.67,43.67,high,medium,5,spaceship,,,30/09/2026 06:56
d7d7437f-d80e-4f6c-b4f6-3723e902dd34,muffin.fan,available,43.67,43.67,high,low,6,spaceship,,,30/09/2026 05:23
775a6545-8bbe-431b-bc02-b5329cbbeb85,moor.fan,available,6.69,43.77,high,low,4,porkbun,,,01/10/2026 03:02
1f0ec223-53d9-4663-83ef-eb079bc97425,airplanes.fan,available,42.2,42.2,medium,low,9,cloudflare,,,28/09/2026 22:55
1115b4ea-198e-4428-8baf-8bf50742b0ce,capitalise.fan,available,43.67,43.67,high,low,10,spaceship,,,30/09/2026 17:01
32040a9b-d07f-4056-a383-7de653ec614e,tutelary.fan,available,11.99,71.99,medium,low,8,name.com,,,13/08/2026 12:21
808e42b8-5866-4d8c-8dcb-0f133bc53773,disassemble.fan,available,42.2,42.2,high,low,11,cloudflare,,,01/10/2026 23:52
c5ff5bb4-74bf-49ce-afd6-7c547d444d1d,psychiatrist.fan,available,57.98,68.98,high,low,12,namecheap,,,27/09/2026 16:44
25cecf4a-b6d4-4dbe-b807-2862b67c74ed,outskirts.fan,available,6.69,43.77,high,low,9,porkbun,,,29/09/2026 19:53
bd1f3170-418d-4fa5-8f71-1748f6ae7370,medicaid.fan,available,42.2,42.2,high,low,8,cloudflare,,,01/10/2026 20:29
2712ad5a-7287-46a9-8131-2e533bdc14b6,screwing.fan,available,11.99,71.99,medium,low,8,name.com,,,18/08/2026 17:28
191c4e34-b171-46d8-a8e0-735cb1781b37,ravenna.fan,available,57.98,68.98,medium,low,7,namecheap,,,22/09/2026 15:51
36f9b5c9-0136-473e-8a80-01dfcd98e497,trustful.fan,available,57.98,68.98,high,low,8,namecheap,,,11/09/2026 20:45
f0746cd9-18c9-4a81-bad5-52dd8232d72a,partizan.fan,available,57.98,68.98,high,low,8,namecheap,,,08/09/2026 02:09
0b39fd07-e6b8-4827-9f5f-998f6fb3ad3b,ambrosian.fan,available,11.99,71.99,medium,low,9,name.com,,,
21f9fe66-e0a2-459f-be2d-d32a5fbd10b4,anarchist.fan,available,57.98,68.98,high,low,9,namecheap,,,19/09/2026 02:24
9f4aff3b-441b-4649-985f-522e24a957f5,dorchester.fan,available,57.98,68.98,medium,low,10,namecheap,,,27/09/2026 07:30
04881dba-dcc6-435e-a3dd-de31fd8378fb,framing.fan,available,43.67,43.67,high,low,7,spaceship,,,29/09/2026 01:00
97803553-6781-41e8-bbc2-a87d1030f8a5,natural.fan,available,6.69,43.77,high,low,7,porkbun,,,01/10/2026 02:27
96c5472b-edae-4a82-aa46-b866f93f9f72,childlike.fan,available,11.99,71.99,medium,low,9,name.com,,,12/08/2026 05:12
cb0b3e7f-2266-45e4-8ad6-19fc016eb306,multiple.fan,available,11.99,,high,low,8,name.com,,,25/09/2026 22:06
948b402a-73b6-4eaa-8005-6d6e6d23c354,scorched.fan,available,11.99,71.99,medium,low,8,name.com,,,
9062d7d8-16ed-4a59-b06b-ed65b641f0d0,overfond.fan,available,57.98,68.98,medium,low,8,namecheap,,,04/09/2026 20:35
2439c9cd-f8c5-4fc7-b73a-b6049786f8cc,hogarth.fan,available,43.67,43.67,high,low,7,spaceship,,,29/09/2026 13:03
4cb2c83b-64ae-489d-a140-11238fedc810,gluttonous.fan,available,11.99,71.99,medium,low,10,name.com,,,20/08/2026 15:32
3e1dee69-ac15-418d-aa6d-d46975bb3bb5,cleft.fan,available,11.99,71.99,high,low,5,name.com,,,12/08/2026 10:39
cc890e8d-87fb-49a1-9ddb-9fa556f440fd,wastewater.fan,available,11.99,71.99,medium,low,10,name.com,,,15/08/2026 15:34
bea33eb6-c53c-4bb5-bcbb-6695db5e3e56,salinger.fan,available,6.69,43.77,medium,low,8,porkbun,,,03/10/2026 01:20
07a57c85-1e7f-4f98-9b91-824279e9286b,ner.fan,available,43.67,43.67,high,low,3,spaceship,,,29/09/2026 14:31
94a616a3-e216-4fe5-b4f9-8c271c9dca28,begum.fan,available,57.98,68.98,medium,low,5,namecheap,,,23/09/2026 03:01
c8a70a2f-bb2b-4040-b165-c6a59efddfed,ninepenny.fan,available,57.98,68.98,low,low,9,namecheap,,,03/09/2026 17:37
566694eb-cfa4-4c87-b723-15e59993e69e,taurus.fan,available,57.98,68.98,high,low,6,namecheap,,,19/09/2026 04:39
11ee35c1-4f1c-4c4a-9a07-0e9dab8a78dc,unexciting.fan,available,57.98,68.98,medium,low,10,namecheap,,,12/09/2026 09:32
7e4ee583-234f-412b-a7c4-b4db6bc6775b,leek.fan,available,57.98,68.98,medium,low,4,namecheap,,,18/09/2026 11:25
1e99cf34-717a-4204-86ee-7fc829403a6c,precedence.fan,available,11.99,71.99,high,low,10,name.com,,,19/09/2026 12:40
4e48e610-b450-4a1d-a619-40216328f660,politicians.fan,available,57.98,68.98,medium,low,11,namecheap,,,19/09/2026 23:03
0b44521a-f78e-45b4-adc3-46fa7d91b3eb,populated.fan,available,57.98,68.98,high,low,9,namecheap,,,08/09/2026 23:55
6cef115d-d8a5-439c-9750-4e0b88e7429f,nafud.fan,available,57.98,68.98,medium,low,5,namecheap,,,19/09/2026 00:44
5bf0df83-4f96-470a-838d-93bf23e191b0,robeson.fan,available,42.2,42.2,medium,low,7,cloudflare,,,29/09/2026 13:40
30fa0e21-3372-4570-a1f8-2d9194c62fe1,loveable.fan,available,11.99,71.99,high,low,8,name.com,,,24/08/2026 10:07
9ed9251c-b45a-44af-8de5-42c88f37cdf7,exec.fan,available,43.67,43.67,high,low,4,spaceship,,,29/09/2026 18:26
e2588cb7-0e36-4aba-a0b8-51671a0e1060,greenpeace.fan,available,57.98,68.98,high,low,10,namecheap,,,30/09/2026 17:30
3719b089-661d-434b-8142-a921852e7625,axenic.fan,available,11.99,71.99,medium,low,6,name.com,,,08/08/2026 01:51
ed248dbb-5264-45e3-a575-8f690cad3148,tersely.fan,available,57.98,68.98,medium,low,7,namecheap,,,16/09/2026 08:13
2dd2b57d-5b7c-4234-82b6-26a8e45c00ca,donner.fan,available,6.64,45.16,medium,low,6,dynadot,,,29/09/2026 20:47
c837c2a7-090d-4770-8d2c-8a0bbaabdb04,armillary.fan,available,11.99,71.99,medium,low,9,name.com,,,06/08/2026 19:44
9cde4772-aae9-4c62-9486-22cb23704587,alteration.fan,available,57.98,68.98,high,low,10,namecheap,,,18/09/2026 14:42
ac262c7e-1946-4b2a-9a82-236e73651f8f,jolly.fan,available,57.98,68.98,high,low,5,namecheap,,,25/09/2026 11:52
820c9f21-5430-4504-995a-0446dc77ad16,storing.fan,available,43.67,43.67,high,low,7,spaceship,,,02/10/2026 05:39
bef5a19e-2563-40b9-be60-a997edd6460b,watercress.fan,available,11.99,71.99,medium,low,10,name.com,,,13/08/2026 06:18
6fb0fcba-6461-41a6-ba13-e4bdc148574a,coughing.fan,available,42.2,42.2,medium,low,8,cloudflare,,,29/09/2026 18:29
82833ee9-d507-456d-9444-ecb36cc455ba,heywood.fan,available,43.67,43.67,medium,low,7,spaceship,,,29/09/2026 04:25
812b04f2-ea01-4c60-b8e3-cfd1ba70d112,entirely.fan,available,11.99,71.99,high,low,8,name.com,,,
88f0b8bf-3b80-4155-8eb4-114a8313c983,transforms.fan,available,43.67,43.67,medium,low,10,spaceship,,,02/10/2026 13:13
386e3b82-e3e6-48fe-ac80-9895277941bd,similitude.fan,available,57.98,68.98,medium,low,10,namecheap,,,18/09/2026 07:51
829c134a-57ea-49a0-b0c5-a0625a51132c,esophageal.fan,available,11.99,71.99,medium,low,10,name.com,,,17/08/2026 13:16
4cad3fb8-c48d-4dce-a102-3012dc6fc793,alfredo.fan,premium,85.8,85.8,high,low,7,namecheap,,,28/09/2026 04:35
10b1586e-d4cc-4993-8de4-4d2c847a6a18,zamboanga.fan,available,57.98,68.98,medium,low,9,namecheap,,,02/10/2026 09:38
ecb09bd0-3311-445c-9a92-9295f4f88440,ineffable.fan,available,11.99,71.99,high,low,9,name.com,,,22/08/2026 02:45
0b258904-9af0-4381-a2ac-cc6c3e11c7d8,moderating.fan,available,11.99,71.99,medium,low,10,name.com,,,25/08/2026 02:56
d2cab666-13e7-452a-a0d5-9a745967eac1,deity.fan,available,57.98,68.98,high,low,5,namecheap,,,24/09/2026 21:23
f9959fed-9a5c-44f8-8027-d20f980074f8,roaring.fan,available,11.99,71.99,high,low,7,name.com,,,10/08/2026 19:21
598c7b61-8684-4fa3-a5ae-85e7a0124f94,knopf.fan,available,6.64,45.16,high,low,5,dynadot,,,29/09/2026 11:20
e8728609-4c0a-48cb-871f-9a2113012761,russet.fan,available,57.98,68.98,high,low,6,namecheap,,,09/09/2026 20:06
26f75687-32fe-40a7-9eb2-c6f7632033e2,scrutinize.fan,available,57.98,68.98,high,low,10,namecheap,,,21/09/2026 03:06
233529cd-453a-4ae8-9f14-b94cf791b856,versions.fan,available,42.2,42.2,medium,low,8,cloudflare,,,30/09/2026 00:17
fd9055f3-684f-40ef-8e79-ba34be286760,seward.fan,available,43.67,43.67,high,low,6,spaceship,,,28/09/2026 03:05
240b55b3-0172-4d63-8c9f-20768f422c29,becomingly.fan,available,57.98,68.98,medium,low,10,namecheap,,,13/09/2026 23:45
e370c27c-1143-496b-9ac3-d9dc965a68f9,gaia.fan,available,43.67,43.67,high,medium,4,spaceship,,,29/09/2026 18:59
d31c7690-5bcf-4593-b808-ce4013986ad5,beekeeping.fan,premium,128.7,128.7,high,low,10,namecheap,,,19/09/2026 17:24
f4573636-9424-45d3-92c5-f0678d80a751,universally.fan,available,42.2,42.2,high,low,11,cloudflare,,,01/10/2026 18:19
0ba02f91-617c-4eb6-b9cc-39c0ac2b6ae5,complainer.fan,available,57.98,68.98,medium,low,10,namecheap,,,23/09/2026 06:45
5fedcab1-0dae-4cf3-b68c-358780f7a354,dependent.fan,available,11.99,71.99,high,low,9,name.com,,,14/08/2026 02:06
843f62a6-a333-4e79-bec7-a31abe22a47f,bingle.fan,available,57.98,68.98,medium,low,6,namecheap,,,19/09/2026 16:38
0b410f26-b522-4beb-8449-9931a3053629,thereby.fan,available,57.98,68.98,medium,low,7,namecheap,,,16/09/2026 08:39
11d638bf-3c26-4085-b4c4-e7d1da3f985d,fits.fan,available,57.98,68.98,medium,low,4,namecheap,,,18/09/2026 18:43
3390bb9e-e783-4534-b44d-d0734051d08f,disclosure.fan,available,42.2,42.2,high,low,10,cloudflare,,,27/09/2026 13:47
d8b1ff83-6d93-4e38-b835-ba8e131dddfc,akimbo.fan,available,11.99,71.99,medium,low,6,name.com,,,
a3fc18d5-ee32-40a1-b814-5bbc5f724982,galling.fan,available,11.99,71.99,high,low,7,name.com,,,
4f422e09-12eb-4bfe-8f45-4a7ff5d9e582,let.fan,available,42.2,42.2,high,low,3,cloudflare,,,28/09/2026 22:10
53cdfc49-f20d-421f-ab5d-ce1aaa7a138b,parasitic.fan,available,11.99,71.99,medium,low,9,name.com,,,17/08/2026 10:15
e9ec02b3-c37c-4f40-b1dc-5b0a58a1efa3,evade.fan,available,6.64,45.16,high,low,5,dynadot,,,30/09/2026 17:34
a3163d0c-edf4-4541-a13b-52f0f95045eb,brady.fan,available,57.98,68.98,high,low,5,namecheap,,,25/09/2026 02:15
152d3f87-4d3a-4b8e-a2b4-6f6969153995,rob.fan,premium,85.8,85.8,high,low,3,namecheap,,,25/09/2026 22:49
6e5a2c05-7df4-46d9-9acb-75af6c36d8d8,citizens.fan,premium,128.7,128.7,high,low,8,namecheap,,,18/09/2026 15:13
d3c612fe-0581-4989-b9d8-f4d678987e97,effulgent.fan,available,11.99,71.99,medium,low,9,name.com,,,15/08/2026 16:23
b605b290-aac9-4672-a3ce-d0ae9ed9d48b,cramped.fan,available,11.99,71.99,medium,low,7,name.com,,,13/08/2026 04:47
f442fa2f-39ef-4ccb-b6d9-809ebba76b47,briefed.fan,available,43.67,43.67,high,low,7,spaceship,,,02/10/2026 13:19
2f1233b5-2401-432d-a1bd-931baed613fe,engorge.fan,available,11.99,71.99,medium,low,7,name.com,,,23/09/2026 17:25
2b87f5a9-b5ec-43eb-90bd-5a78c8baa7cf,sparks.fan,premium,260,260,high,low,6,namecheap,,,28/09/2026 12:19
3645b8ae-a834-4772-935d-a780430c541c,indebted.fan,available,57.98,68.98,medium,low,8,namecheap,,,01/10/2026 22:45
1d90c2d1-ed7d-40dd-8637-e4f9e5e95831,ngc.fan,available,42.2,42.2,medium,low,3,cloudflare,,,28/09/2026 13:16
c8fe2545-6ba1-4a92-9476-8c2635908f7f,relating.fan,available,43.67,43.67,high,low,8,spaceship,,,01/10/2026 21:56
88c57787-3415-422b-a09d-f3df3df7c02b,pestilent.fan,available,11.99,71.99,medium,low,9,name.com,,,08/08/2026 12:06
8b3089fd-8367-499d-816c-7cc1f47bf77d,mini.fan,premium,260,260,high,high,4,namecheap,,,25/09/2026 20:20
8990259d-43a5-4f8a-83dd-693ebb45a9af,thirdly.fan,available,57.98,68.98,medium,low,7,namecheap,,,11/09/2026 13:39
b9112f0f-6dc8-4913-9ab2-266b56f38112,exogenic.fan,available,11.99,71.99,medium,low,8,name.com,,,17/08/2026 17:34
e0f4ecd5-7754-43a7-8ffa-2bc3e6a7ae65,autoerotic.fan,available,11.99,71.99,medium,low,10,name.com,,,07/08/2026 20:01
e4df4ac4-1e16-4da9-8839-43c93762c5f9,shaper.fan,available,43.67,43.67,high,low,6,spaceship,,,30/09/2026 03:43
385ab8b4-abc3-4310-ab0b-b040871cab12,doubles.fan,available,43.67,43.67,high,low,7,spaceship,,,28/09/2026 18:58
4fdd541c-aa9a-4ff6-ade5-f5d37cc0e970,dissertation.fan,available,57.98,68.98,high,low,12,namecheap,,,30/09/2026 03:22
a189c556-863b-4720-96a4-1ccc55394ac1,maritime.fan,available,11.99,71.99,high,low,8,name.com,,,24/08/2026 16:00
c0186a78-7bec-41d8-9905-703693dd0830,recoil.fan,available,57.98,68.98,high,low,6,namecheap,,,21/09/2026 15:32
0241bf15-bc1a-4dda-8b4d-0aba5d857193,braithwaite.fan,available,43.67,43.67,medium,low,11,spaceship,,,02/10/2026 00:44
a3aab247-6849-4c77-9895-f1ff03ffdf8a,vice.fan,available,42.2,42.2,high,low,4,cloudflare,,,30/09/2026 14:26
1fef5ab3-6fba-4d93-8fc3-294b6b892587,burgess.fan,available,57.98,68.98,high,low,7,namecheap,,,19/09/2026 13:35
adfb9d93-7b57-4724-acd5-361741abfc2a,salvage.fan,available,43.67,43.67,medium,low,7,spaceship,,,28/09/2026 10:52
7d114640-6500-4449-95fb-59e16ac74781,sums.fan,available,57.98,68.98,medium,low,4,namecheap,,,18/09/2026 07:08
c6cc2f93-2773-4649-84d0-522ea31d7140,unclothed.fan,available,57.98,68.98,medium,low,9,namecheap,,,12/09/2026 05:30
d5f781cb-4799-48c0-ae4a-1cee40d6db63,attitudes.fan,available,43.67,43.67,medium,low,9,spaceship,,,29/09/2026 23:34
21052c19-c3f1-40ed-b0c8-b4bced81bac2,crank.fan,available,11.99,71.99,medium,low,5,name.com,,,13/08/2026 04:51
71a0fa2d-abc7-4450-8bd6-5e67df69434c,portholes.fan,available,57.98,68.98,low,low,9,namecheap,,,19/09/2026 21:54
20104057-db60-458e-b320-c0da7bb9d1cb,tunguska.fan,available,57.98,68.98,medium,low,8,namecheap,,,19/09/2026 05:45
ddc82552-0bb6-4b85-a8ad-db6ef423a8b9,casas.fan,premium,102.67,102.67,medium,low,5,spaceship,,,28/09/2026 23:52
b874dee4-66ea-4b9f-a9d3-c551d7a90c00,freaks.fan,available,43.67,43.67,medium,low,6,spaceship,,,30/09/2026 00:34
1e7a0beb-0f9a-460d-9afa-35896af0212b,overhasty.fan,available,57.98,68.98,medium,low,9,namecheap,,,04/09/2026 20:44
4908bc02-c253-4c47-98da-72ea3e069c16,chemist.fan,available,57.98,68.98,high,low,7,namecheap,,,19/09/2026 19:39
e931ced3-0591-4f34-8511-3cee7f454e0b,vaporized.fan,available,11.99,71.99,medium,low,9,name.com,,,18/08/2026 20:28
90982867-cc71-4298-bd96-27387260d1b1,plait.fan,available,57.98,68.98,high,low,5,namecheap,,,24/09/2026 07:55
822c8dd4-a02f-404a-b609-994713ac482d,maimonides.fan,available,43.67,43.67,medium,low,10,spaceship,,,29/09/2026 13:20
59f2d8ea-2560-4d10-81c9-4ec8ccc630d1,una.fan,available,43.67,43.67,high,low,3,spaceship,,,29/09/2026 14:42
d3334933-3801-4149-a775-8b21c871b612,gratifying.fan,available,11.99,71.99,high,low,10,name.com,,,17/08/2026 09:19
c1a8d41c-5cc2-4f3f-9a7c-8b13b07f29ea,rahim.fan,available,43.67,43.67,high,low,5,spaceship,,,02/10/2026 23:23
ca0ead99-fb22-4ac0-98eb-6a113374c3a7,bosky.fan,available,11.99,71.99,medium,low,5,name.com,,,10/08/2026 20:17
3adec4d7-5d98-41d5-b0ab-44c63f48fa35,butcher.fan,premium,102.67,102.67,medium,low,7,spaceship,,,29/09/2026 03:05
f05de12e-b85a-4cd6-ae02-d944ba5cf347,petre.fan,available,43.67,43.67,high,low,5,spaceship,,,02/10/2026 20:12
7714c1ee-30d0-4940-839d-660ee9e1127b,port.fan,available,57.98,68.98,high,low,4,namecheap,,,25/09/2026 13:07
3fd5f424-032a-40cf-8c36-53727317809d,clarinet.fan,available,43.67,43.67,high,low,8,spaceship,,,29/09/2026 11:55
a3d1f533-b618-40d3-b769-5e5303e90769,chp.fan,available,93.99,93.99,medium,low,3,godaddy,,,01/10/2026 01:06
a345b892-112a-48f3-a382-d2a026a420cb,kansas.fan,premium,207.2,207.2,high,low,6,spaceship,,,30/09/2026 01:12
d4f179cb-b835-4833-9440-bfcd5099b8e9,uncaring.fan,available,57.98,68.98,medium,low,8,namecheap,,,12/09/2026 00:02
0db47d3a-4337-4650-8c68-45bdddb0a2a4,ebon.fan,available,11.99,71.99,medium,low,4,name.com,,,14/08/2026 23:08
67c8f7d6-60bf-4d39-9a80-5be23d514099,wiser.fan,available,43.67,43.67,high,low,5,spaceship,,,29/09/2026 23:16
7a866400-bfbc-4516-931b-f52e66b6af7d,iffy.fan,available,11.99,71.99,medium,low,4,name.com,,,18/08/2026 09:22
d9708ea1-8086-4b19-b736-fc24860c35bb,credibly.fan,available,57.98,68.98,medium,low,8,namecheap,,,14/09/2026 09:26
7ac5493f-51ae-4474-ae40-8772064f6358,monsters.fan,premium,260,260,high,medium,8,namecheap,,,27/09/2026 03:16
6061120c-58f7-4b33-a782-c39486735792,plantal.fan,available,57.98,68.98,medium,low,7,namecheap,,,08/09/2026 20:48
c910784f-643f-417a-963c-ac582d7a76b2,meek.fan,premium,123.75,123.75,high,low,4,name.com,,,24/08/2026 19:16
ebb0043d-454d-4eb2-9397-f3618b990dbf,ambition.fan,available,57.98,68.98,high,low,8,namecheap,,,18/09/2026 16:53
0741f246-9ed4-4428-8446-af53e1e207fd,spurious.fan,available,11.99,71.99,medium,low,8,name.com,,,09/08/2026 00:03
567a8557-7c15-41d8-a886-5cf70b95bc1e,antiquated.fan,available,11.99,71.99,medium,low,10,name.com,,,
aee57905-5869-417b-8b7e-050f29efbd84,promoter.fan,available,43.67,43.67,high,low,8,spaceship,,,29/09/2026 23:36
9761a630-7014-473d-a1e3-34221427e816,arsenic.fan,available,57.98,68.98,medium,low,7,namecheap,,,13/09/2026 21:07
1a7250e3-757a-4a15-9d58-7f1e99123cb0,wherever.fan,available,57.98,68.98,medium,low,8,namecheap,,,16/09/2026 11:29
f2722b6e-0f80-4157-af39-f747dc8bc2af,requested.fan,available,42.2,42.2,high,low,9,cloudflare,,,27/09/2026 12:02
65b7dd81-50e7-4619-b299-28a4de12c85a,annotator.fan,available,57.98,68.98,medium,low,9,namecheap,,,19/09/2026 10:48
dc940f29-0f6c-49cb-aba3-9a47b05b6ccd,terrain.fan,available,6.64,45.16,high,low,7,dynadot,,,28/09/2026 20:36
43a39a26-3525-4f8b-9e94-626e75178421,behaviours.fan,available,57.98,68.98,medium,low,10,namecheap,,,20/09/2026 22:06
f9ca8d12-7826-4b9d-b291-00c710599985,buried.fan,available,57.98,68.98,medium,low,6,namecheap,,,23/09/2026 11:29
f2d2a0dd-1d16-4731-bf49-bdfe15fcaa4c,molybdenum.fan,available,57.98,68.98,medium,low,10,namecheap,,,20/09/2026 23:05
cd706a1e-e339-4a56-ac1b-8423cb44a7e4,monition.fan,available,11.99,71.99,medium,low,8,name.com,,,17/09/2026 09:04
3020ca11-0f58-482f-ae56-ab055ef346b0,verdi.fan,available,43.67,43.67,high,low,5,spaceship,,,03/10/2026 00:58
8a551499-7131-4f26-aeb3-f873069b714b,endorsement.fan,available,6.64,45.16,high,low,11,dynadot,,,29/09/2026 04:49
61b838c6-7ff1-4838-955e-40375534c76c,gunrunner.fan,available,57.98,68.98,medium,low,9,namecheap,,,20/09/2026 07:45
de1ad99f-aa89-437e-b51b-c347ed0fd866,drugless.fan,available,11.99,71.99,medium,low,8,name.com,,,14/08/2026 20:11
3f4c8095-04e3-4a2f-8685-6ea8d8b8203e,zoological.fan,available,57.98,68.98,high,low,10,namecheap,,,13/09/2026 15:33
536736c9-7591-47cb-823e-8cabb52dcd1b,distracting.fan,available,43.67,43.67,low,low,11,spaceship,,,01/10/2026 16:15
637143e5-a162-40a9-ad1f-80ddd2fa86f7,bellflower.fan,available,57.98,68.98,high,low,10,namecheap,,,23/09/2026 06:06
9a06432c-76ab-4371-8011-393969af363e,loud.fan,premium,128.7,128.7,high,low,4,namecheap,,,24/09/2026 19:25
5496ad50-3d3b-4c68-9c0c-6dd2b6241823,redacted.fan,available,42.2,42.2,high,low,8,cloudflare,,,03/10/2026 02:58
d2342d52-cd6f-44fc-974e-4943d35df66c,gunpoint.fan,available,42.2,42.2,medium,low,8,cloudflare,,,03/10/2026 01:04
8d1f6097-fe5d-4364-b0fb-580ac20b02cd,plausibly.fan,available,57.98,68.98,medium,low,9,namecheap,,,14/09/2026 09:28
352a09e4-1254-4dbe-b46e-df6f94873717,amah.fan,available,57.98,68.98,medium,low,4,namecheap,,,18/09/2026 15:37
939eadbd-d912-4612-8597-6f3f19f5876f,transformed.fan,available,57.98,68.98,high,low,11,namecheap,,,29/09/2026 10:35
911185b8-5191-4cdc-8f69-c7bea7e72bf9,corpulent.fan,available,11.99,71.99,medium,low,9,name.com,,,13/08/2026 01:57
1b510930-dde4-44cd-805a-f0287e9c416f,cellini.fan,available,57.98,68.98,medium,low,7,namecheap,,,23/09/2026 08:47
32d060ec-f52b-45eb-b41f-9889aa9a66c3,compartment.fan,available,43.67,43.67,high,low,11,spaceship,,,28/09/2026 03:28
884cf1a2-d840-424b-8472-242747b78630,classless.fan,available,11.99,71.99,high,low,9,name.com,,,12/08/2026 09:48
9f54aebf-8be4-44bd-a462-5239120f8498,lamb.fan,premium,128.7,128.7,high,low,4,namecheap,,,27/09/2026 03:31
22ac7775-7842-41e7-84e5-55391c683ad6,nonzero.fan,available,11.99,71.99,high,low,8,name.com,,,03/09/2026 18:39
eb7eb6da-ec39-4be9-aa1b-83ebb4eca49e,disheveled.fan,available,11.99,71.99,medium,low,10,name.com,,,14/08/2026 10:56
e1ea14bb-509b-40f6-b243-de147f7f7da4,aquarium.fan,available,57.98,68.98,high,low,8,namecheap,,,19/09/2026 23:02
8f62bf85-495a-42da-a738-8c4183461957,nwo.fan,available,43.67,43.67,high,low,3,spaceship,,,02/10/2026 13:41
2e8622db-df38-4237-8e4b-189953651cff,chesterton.fan,available,42.2,42.2,medium,low,10,cloudflare,,,30/09/2026 09:08
3b802cdb-783e-43e8-acad-f6578e4036eb,tartar.fan,available,43.67,43.67,medium,low,6,spaceship,,,02/10/2026 14:47
382dacf0-e02c-4296-bff2-cfbfd6bdbcd5,endlessly.fan,available,57.98,68.98,high,low,9,namecheap,,,14/09/2026 06:09
c47e1c67-466d-4bbb-b88a-83fceb9edc6a,unpaired.fan,available,57.98,68.98,medium,low,8,namecheap,,,12/09/2026 15:30
e9df1869-8928-40d8-8a60-3042a0a4ba3b,routledge.fan,available,43.67,43.67,medium,low,9,spaceship,,,28/09/2026 16:54
9172296b-9410-41ff-8acd-86dfa2a354bf,supernal.fan,available,57.98,68.98,medium,low,8,namecheap,,,11/09/2026 02:23
cb2e897e-f0b9-45d3-ac1b-a4c42fb8bb86,survivors.fan,available,43.67,43.67,high,low,9,spaceship,,,28/09/2026 05:06
c05702c4-f3e2-42d8-911a-e11ca7354549,eyrie.fan,available,11.99,71.99,high,low,5,name.com,,,
6c16b963-388a-46eb-a6b9-17515ed19ec8,marne.fan,available,43.67,43.67,medium,low,5,spaceship,,,29/09/2026 15:38
b728548c-5952-4ae7-b772-5ea32c9b9a46,inviolable.fan,available,11.99,71.99,medium,low,10,name.com,,,21/08/2026 23:02
b2bc8117-342c-479f-b1f2-105b0d03ffd7,bedhead.fan,available,57.98,68.98,medium,low,8,namecheap,,,02/10/2026 16:33
d5236f69-3392-4e3e-8730-14a5607f46d7,condom.fan,available,43.67,43.67,high,low,6,spaceship,,,29/09/2026 10:43
6dd9e8ff-f068-47df-8357-573a44ba9adb,apparition.fan,available,57.98,68.98,high,low,10,namecheap,,,08/09/2026 18:34
16b23a4e-7a1b-478f-89bc-d15a6ba67977,competency.fan,available,57.98,68.98,high,low,10,namecheap,,,24/09/2026 16:48
287fe840-14c1-4e85-9a08-8e9ede803dd2,beth.fan,premium,128.7,128.7,medium,low,4,namecheap,,,23/09/2026 11:12
879abf9b-510a-406e-ba97-f91856a96ad3,consumer.fan,available,43.67,43.67,high,low,8,spaceship,,,29/09/2026 11:19
cb6b8d84-ca42-4f04-89bb-ce15c0334daa,lugano.fan,available,43.67,43.67,medium,low,6,spaceship,,,02/10/2026 00:46
8e7f3334-dcdc-4b2b-9325-e92937cbf9cf,properly.fan,available,11.99,71.99,medium,low,8,name.com,,,13/08/2026 21:12
f95f8619-9535-4cd9-80c9-22ea8a66f145,losing.fan,available,57.98,68.98,high,low,6,namecheap,,,25/09/2026 11:49
6d29e56c-5629-44de-9266-588508c099c6,potential.fan,available,57.98,68.98,high,low,9,namecheap,,,27/09/2026 04:46
2ddf9b92-780d-457c-a75f-6ef78990f847,midwinter.fan,available,6.64,45.16,medium,low,10,dynadot,,,02/10/2026 19:08
cbc962c9-a299-4d39-b735-1edf921e6a6d,xvi.fan,available,57.98,68.98,medium,low,3,namecheap,,,21/09/2026 11:49
52611f62-acee-4b85-aef0-78056756242f,bevel.fan,available,57.98,68.98,medium,low,5,namecheap,,,23/09/2026 11:58
0fbc59fa-b385-401c-981a-abf6ca265ff2,congregation.fan,available,43.67,43.67,high,low,12,spaceship,,,03/10/2026 02:59
d1e19551-8f35-4268-a983-193b9e808125,whiz.fan,available,57.98,68.98,high,low,4,namecheap,,,21/09/2026 18:01
1a35222e-be33-431f-b3d0-59ee9591b940,holdup.fan,available,57.98,68.98,medium,low,6,namecheap,,,20/09/2026 06:37
8d3ee2fb-442c-4995-9401-899848ca6987,willingly.fan,available,57.98,68.98,high,low,9,namecheap,,,16/09/2026 11:08
2e7f27c3-47e6-45d6-a9fe-482e0fee3805,freshman.fan,available,11.99,71.99,high,low,8,name.com,,,18/08/2026 05:23
0db3e5e9-738a-43fd-bc8d-f2fa322080e8,define.fan,available,57.98,68.98,high,low,6,namecheap,,,24/09/2026 05:41
321e9583-89ae-4366-b00c-96954f1f0274,watchdog.fan,available,43.67,43.67,high,low,8,spaceship,,,01/10/2026 19:52
e1248e6b-8cc1-411f-a351-9d97436be015,tally.fan,available,6.64,45.16,high,medium,5,dynadot,,,28/09/2026 18:48
90f5c06e-b9b1-4621-b7b6-db5027cea156,olaf.fan,available,6.64,45.16,medium,low,4,dynadot,,,28/09/2026 07:48
143a5b51-6ae5-47c1-aa43-e86b9d8161c8,daughter.fan,available,43.67,43.67,high,low,8,spaceship,,,29/09/2026 13:15
c12401e0-a6de-401f-8775-9b3fbc03977a,anecdotal.fan,available,11.99,71.99,medium,low,9,name.com,,,
01b08200-a7f3-488e-8cf6-fecaf1a0b714,mammary.fan,available,11.99,71.99,medium,low,7,name.com,,,24/08/2026 14:23
9759a7f3-6ddc-47f3-a499-02d461a39a18,tickling.fan,available,57.98,68.98,high,low,8,namecheap,,,11/09/2026 15:27
10cf38c4-c510-4f4e-8ac2-cbef3ff17e41,novice.fan,available,57.98,68.98,high,low,6,namecheap,,,23/09/2026 02:23
0d70be08-4a0a-4b9c-b020-488f48285ae3,bridal.fan,available,11.99,71.99,high,low,6,name.com,,,11/08/2026 03:53
57b21ade-2aab-4b0b-9d22-5985d71bb595,despised.fan,available,11.99,71.99,medium,low,8,name.com,,,14/08/2026 04:10
342f21e4-576d-46de-bb29-1a39c24bdca5,championships.fan,available,57.98,68.98,medium,low,13,namecheap,,,30/09/2026 06:40
623637f5-5269-43fb-a9e6-c0a07f41670f,headache.fan,available,57.98,68.98,high,low,8,namecheap,,,24/09/2026 13:37
619567d1-b304-4aeb-8d95-827509a150a8,multichannel.fan,available,42.2,42.2,high,low,12,cloudflare,,,02/10/2026 07:39
d38c64b3-960f-43da-a08a-2979ee626aae,proportions.fan,available,57.98,68.98,high,low,11,namecheap,,,17/09/2026 11:38
36afa9f1-9f9f-4c9e-88be-38ab724f82ec,deciding.fan,available,11.99,71.99,high,low,8,name.com,,,13/08/2026 21:23
01537ddc-c82d-458b-9fbd-774cc6a6770b,bakshish.fan,available,57.98,68.98,medium,low,8,namecheap,,,21/09/2026 15:53
d4d81a29-d5cd-4327-b481-660f9e77bf53,winter.fan,premium,128.7,128.7,high,low,6,namecheap,,,25/09/2026 11:04
4397cfce-81d1-491f-971d-f50a90eabb70,reasoning.fan,available,57.98,68.98,high,low,9,namecheap,,,09/09/2026 11:10
697a8a46-58d8-4342-acea-ba184d996346,benumb.fan,available,57.98,68.98,medium,low,6,namecheap,,,03/09/2026 22:47
2cde83b4-8b9d-4123-af4d-5eb60c611c1e,aigrette.fan,available,11.99,71.99,medium,low,8,name.com,,,17/09/2026 20:55
f67b00e2-e6f3-4a01-a448-53c005b37400,factions.fan,available,6.64,45.16,medium,low,8,dynadot,,,01/10/2026 00:34
516f02de-0d24-4f42-8a18-51236f72e00b,spins.fan,available,43.67,43.67,high,low,5,spaceship,,,30/09/2026 07:26
2e21314d-0d3b-49c2-9c10-69340689fa08,appraiser.fan,available,57.98,68.98,high,low,9,namecheap,,,19/09/2026 22:12
bdc96b17-3438-42f6-8936-3bd3bbb6532b,owensboro.fan,available,42.2,42.2,high,low,9,cloudflare,,,03/10/2026 01:45
04fbcd5c-147c-4e76-baba-803202c33069,riddles.fan,available,43.67,43.67,medium,low,7,spaceship,,,02/10/2026 19:06
e8db9e5b-5959-4cc3-adb5-f65db2bb0693,zirconium.fan,available,11.99,71.99,medium,low,9,name.com,,,20/09/2026 23:04
53373955-fb85-44f1-b340-1c394e63849d,amylase.fan,available,57.98,68.98,medium,low,7,namecheap,,,19/09/2026 00:30
f49099f2-ed97-4353-b5d1-f8668966ffeb,enteral.fan,available,11.99,71.99,medium,low,7,name.com,,,17/08/2026 09:55
bc0629d7-ae03-42ea-9239-befca793933a,trap.fan,available,57.98,68.98,high,low,4,namecheap,,,25/09/2026 15:44
090375ff-0f91-4fe3-a1b2-3a82ca1c1a47,digitate.fan,available,11.99,71.99,medium,low,8,name.com,,,14/08/2026 07:19
ee9035a5-b512-4bbe-b329-35fa87bba761,scooped.fan,available,57.98,68.98,medium,low,7,namecheap,,,17/09/2026 23:31
d236ea38-2a3d-47af-b2ba-da9353a28720,surfbird.fan,available,57.98,68.98,medium,low,8,namecheap,,,19/09/2026 17:13
f1609921-84ea-4f1a-8595-fda7d84ddd60,footle.fan,available,57.98,68.98,medium,low,6,namecheap,,,11/09/2026 08:27
7bc4e861-8dbb-4e83-b5fe-a221b55da883,launched.fan,available,57.98,68.98,high,low,8,namecheap,,,18/09/2026 13:03
542b97aa-9238-49b1-ad47-2ab52fd95e7d,auxetic.fan,available,11.99,71.99,medium,low,7,name.com,,,07/08/2026 21:28
c3ca88d0-e034-4c45-91a7-9b88e61c15d7,dripping.fan,available,57.98,68.98,medium,low,8,namecheap,,,14/09/2026 14:32
0db1910d-0a81-4dc5-8e82-27301e64f47f,smiled.fan,available,57.98,68.98,medium,low,6,namecheap,,,18/09/2026 01:26
ae5c5c69-41b4-451c-8d34-840f089d6a96,domingo.fan,available,57.98,68.98,high,low,7,namecheap,,,25/09/2026 04:55
0a4319e9-bc94-4f28-adaa-92c78ab4d1cc,spout.fan,available,43.67,43.67,high,low,5,spaceship,,,03/10/2026 01:05
9f581f0f-bad9-4658-ac04-64e24c3a367d,influenza.fan,available,42.2,42.2,medium,low,9,cloudflare,,,30/09/2026 01:39
44f415de-022f-42c9-ad52-5c5c8e6941cd,childcare.fan,available,57.98,68.98,high,low,10,namecheap,,,24/09/2026 14:36
906e82ab-a581-4cad-846c-65197ed5fc1e,hitless.fan,available,11.99,71.99,medium,low,7,name.com,,,20/08/2026 15:56
2c2f99f6-e78b-4b6e-9e81-eca96b6aa211,shutter.fan,available,57.98,68.98,high,low,7,namecheap,,,30/09/2026 02:51
5cf5f17a-fb3a-45e7-b92f-a506a87beb37,sexy.fan,premium,128.7,128.7,high,low,4,namecheap,,,22/09/2026 07:13
ecaab47e-2e13-4b0d-bd75-95bdda9caf06,minder.fan,available,57.98,68.98,medium,low,6,namecheap,,,21/09/2026 13:29
6f5f554c-0868-4829-a240-e383cffa26fd,cherry.fan,premium,85.8,85.8,high,low,6,namecheap,,,22/09/2026 22:25
e7078fb4-71c8-4eb7-a12d-42391afc3dad,midwifery.fan,available,43.67,43.67,high,low,9,spaceship,,,02/10/2026 16:07
b50f4901-aced-44aa-947c-2dec5eb74d82,ananas.fan,available,57.98,68.98,high,low,6,namecheap,,,19/09/2026 02:03
f1a120d0-2861-4005-9b61-26f74f79325b,gravitational.fan,available,42.2,42.2,medium,low,13,cloudflare,,,29/09/2026 10:18
9429192f-a202-4bfd-a239-c24ef7591412,wants.fan,available,57.98,68.98,medium,low,5,namecheap,,,25/09/2026 17:58
1a536ebd-a0c3-48d4-8f58-412bae39c89e,hatched.fan,available,11.99,71.99,high,low,7,name.com,,,13/08/2026 08:20
baf976be-2476-4a67-9da1-2524de129e69,houghton.fan,premium,123.75,123.75,medium,low,8,name.com,,,25/09/2026 23:07
dc919a02-a78e-4830-b4fc-df293983ce44,bleep.fan,available,57.98,68.98,high,low,5,namecheap,,,23/09/2026 01:26
33b48580-6c8e-4e88-b4a9-0a4587331c5d,compulsion.fan,available,42.2,42.2,medium,low,10,cloudflare,,,01/10/2026 19:03
d6fc0bc4-ae95-4a45-bde5-2ee5d908ac38,petrous.fan,available,57.98,68.98,medium,low,7,namecheap,,,08/09/2026 18:24
7c68790a-0791-4d9c-a6d4-41e8c56f488d,belonged.fan,available,57.98,68.98,medium,low,8,namecheap,,,27/09/2026 10:31
6ac9ff63-b43c-492d-99f4-008ec613f607,violation.fan,available,57.98,68.98,high,low,9,namecheap,,,30/09/2026 00:09
a6b79027-b26d-4aa4-9ff4-604b1136e9e1,yamaha.fan,available,43.67,43.67,high,low,6,spaceship,,,29/09/2026 03:39
b2afc21d-3114-425f-a496-dd7cda3dd972,determine.fan,available,6.64,45.16,high,low,9,dynadot,,,30/09/2026 11:01
4480d776-ecb8-4bdd-99b3-6cb426b1c88d,fairies.fan,available,43.67,43.67,medium,low,7,spaceship,,,30/09/2026 06:26
cd98cfbb-ba63-4a7a-8602-6a5a6fcfb1d0,pervasive.fan,available,57.98,68.98,high,low,9,namecheap,,,08/09/2026 17:44
2b3039bc-04d9-45f3-8bcf-7f1090efc7ce,mucous.fan,available,57.98,68.98,medium,low,6,namecheap,,,03/09/2026 10:14
c3864321-b97e-4341-9db6-00db5076eafd,adjective.fan,available,11.99,71.99,high,low,9,name.com,,,
06d8a8ed-40b0-4896-a2fb-375701cde828,seti.fan,available,43.67,43.67,high,low,4,spaceship,,,03/10/2026 04:32
2c7eb5ac-3270-4adb-89ea-4e3b29737b02,temperament.fan,available,6.69,43.77,high,low,11,porkbun,,,30/09/2026 22:37
c4a5d383-6a61-4be7-a91c-ab94c1d36773,traverse.fan,available,11.99,71.99,high,low,8,name.com,,,13/08/2026 07:58
04388d86-787d-49d8-9f76-b581b30139e3,islington.fan,available,57.98,68.98,medium,low,9,namecheap,,,30/09/2026 04:50
165e500d-64bf-4985-a82c-3ed0b6e37db3,hal.fan,premium,128.7,128.7,high,low,3,namecheap,,,25/09/2026 12:39
14347ec6-ba45-4144-bb98-173dfbd2d699,strident.fan,available,11.99,71.99,medium,low,8,name.com,,,12/08/2026 09:19
9eb3ba3e-2a95-41b8-8599-d45227eb49ff,curtain.fan,available,42.2,42.2,high,low,7,cloudflare,,,29/09/2026 13:08
f5874e4a-662f-4bd9-9981-4a0f7e10193a,smokes.fan,available,43.67,43.67,low,low,6,spaceship,,,02/10/2026 03:50
e0b5ba44-3251-4ac5-ade6-c90bd1d94c28,shanahan.fan,available,42.2,42.2,medium,low,8,cloudflare,,,02/10/2026 12:38
38e1cda7-8376-4bf2-9d2a-b3ae752fb052,starfish.fan,available,6.69,43.77,high,low,8,porkbun,,,03/10/2026 02:04
3395db00-56e3-4ff6-94aa-b1bdd91dde07,deejay.fan,available,57.98,68.98,high,low,6,namecheap,,,01/10/2026 18:26
6bfe504e-d9b8-4a63-aa85-c8719e068488,flaw.fan,available,57.98,68.98,medium,low,4,namecheap,,,29/09/2026 00:57
51c38127-718c-4ea9-ad06-a7bd9562574b,hades.fan,available,57.98,68.98,high,low,5,namecheap,,,17/09/2026 20:48
3dec5500-6deb-42f5-b71d-26dcc6747c05,atomistic.fan,available,11.99,71.99,low,low,9,name.com,,,07/08/2026 13:42
43907e9d-eca5-4ffe-b7f9-9b5f6a8fb810,behrens.fan,premium,128.7,128.7,high,low,7,namecheap,,,23/09/2026 03:56
a08fcf07-68aa-4931-bd8b-1770fdd5228d,grapefruit.fan,available,57.98,68.98,high,low,10,namecheap,,,24/09/2026 15:09
af676db6-1dde-40b6-b2b4-14f6e00658f5,fulfil.fan,available,42.2,42.2,high,low,6,cloudflare,,,01/10/2026 22:07
3bfa3ed7-90a7-4b83-992a-18570da00eee,asarum.fan,available,57.98,68.98,medium,low,6,namecheap,,,20/09/2026 12:52
b22a58e2-dc38-4e43-839e-0dfc4a347a06,dangerously.fan,available,43.67,43.67,medium,low,11,spaceship,,,29/09/2026 14:40
457c3c1c-6db7-415a-834d-a7e100799696,atwood.fan,available,42.2,42.2,medium,low,6,cloudflare,,,28/09/2026 18:22
76d0de3d-969e-467f-9faa-135af5c87281,caliente.fan,available,42.2,42.2,high,low,8,cloudflare,,,02/10/2026 20:23
b9fb4ad0-74c7-43c8-84fa-33333241d852,inquiries.fan,available,43.67,43.67,medium,low,9,spaceship,,,30/09/2026 06:48
8cef0ee3-f703-4114-9043-bdeb99e4612e,impulsive.fan,premium,123.75,123.75,high,low,9,name.com,,,11/08/2026 01:34
6d4a48a0-419e-426a-813b-4196dee2d22a,overlap.fan,available,43.67,43.67,high,low,7,spaceship,,,30/09/2026 02:25
29e65253-4442-4608-a8ee-fc13bdce0733,drinkable.fan,available,11.99,71.99,high,low,9,name.com,,,14/08/2026 19:23
a8f9a97d-dc8a-4ca3-a11e-0bcedbcd5692,abuse.fan,available,57.98,68.98,high,low,5,namecheap,,,08/09/2026 12:39
d43b0e2e-e711-490e-9c97-f9ee18822897,stagy.fan,available,57.98,68.98,medium,low,5,namecheap,,,10/09/2026 18:04
e855318f-b516-4371-8283-d45d7ac31d54,damnable.fan,available,11.99,71.99,medium,low,8,name.com,,,13/08/2026 16:29
91caeee3-fece-4f04-9e59-b686ff76f13c,consular.fan,available,11.99,71.99,high,low,8,name.com,,,12/08/2026 23:02
f2c701fd-4521-455a-9460-5613c70107c2,abbots.fan,available,43.67,43.67,medium,low,6,spaceship,,,30/09/2026 14:11
7a11ec9e-12d6-4aec-96ac-f606f4fc9499,marion.fan,available,57.98,68.98,high,low,6,namecheap,,,25/09/2026 14:37
1218ac67-1571-41df-af38-5cca97825354,multicolor.fan,available,57.98,68.98,high,low,10,namecheap,,,03/09/2026 10:35
08ad94ce-ccf4-49b7-b6af-147332681969,plundered.fan,available,11.99,71.99,medium,low,9,name.com,,,24/08/2026 09:47
183fe9b3-4ae3-44b1-9c38-d863ada4d96a,dermal.fan,available,11.99,71.99,high,low,6,name.com,,,13/08/2026 13:00
332461f1-8eef-4f28-947c-49f21f583c1d,occluded.fan,available,57.98,68.98,medium,low,8,namecheap,,,04/09/2026 00:12
89a7f0d9-13c1-44e3-9e9f-8a6f90ee6dc4,ambled.fan,available,57.98,68.98,medium,low,6,namecheap,,,20/09/2026 05:58
00d985b0-6ecc-4b2d-9e8b-3b84b955c177,flare.fan,available,6.69,43.77,high,low,5,porkbun,,,29/09/2026 00:57
03422960-7050-4f79-927c-fa3193f42819,gunner.fan,available,57.98,68.98,high,low,6,namecheap,,,20/09/2026 11:48
0e1e2287-af26-4b23-aefd-7a577a1dd49d,barbed.fan,available,11.99,71.99,medium,low,6,name.com,,,08/08/2026 16:36
e68eb886-2d25-4dc9-b116-9499e83d8007,spoilt.fan,available,11.99,71.99,medium,low,6,name.com,,,10/08/2026 14:19
eb39e710-27cf-4332-943b-36746d71eb58,ksi.fan,available,43.67,43.67,high,low,3,spaceship,,,03/10/2026 03:50
6e9aa687-9b80-4254-b153-0d303dfd6ff7,aids.fan,available,6.64,45.16,medium,low,4,dynadot,,,28/09/2026 17:52
6226f11b-bfb8-4dda-b367-f657058f1e47,fragment.fan,available,42.2,42.2,high,low,8,cloudflare,,,28/09/2026 19:15
c596e10e-80b2-4110-a647-7248ecddf951,burned.fan,available,57.98,68.98,medium,low,6,namecheap,,,23/09/2026 11:37
a7b18960-e3d4-42fc-95c7-09388de0991a,whim.fan,available,57.98,68.98,high,low,4,namecheap,,,24/09/2026 12:39
e8b26a10-e86e-4498-9dd4-43dc759945a8,haunt.fan,available,6.64,45.16,high,low,5,dynadot,,,29/09/2026 07:08
0b992e17-b79b-40e7-a90f-ab4dea6286da,geared.fan,available,11.99,71.99,high,low,6,name.com,,,18/08/2026 20:59
09e03ccc-d9a2-47d5-a5f1-891ba06c37ab,attila.fan,available,57.98,68.98,high,low,6,namecheap,,,21/09/2026 01:47
2096a023-92c7-4cbe-98d6-02c8f5e74df2,tzarist.fan,available,11.99,71.99,medium,low,7,name.com,,,13/08/2026 14:59
3e2696a5-4d94-48a6-a484-2cec1aab5b2f,ballooning.fan,premium,128.7,128.7,high,low,10,namecheap,,,21/09/2026 23:14
584dca17-2a64-4f6a-a9a3-309f1dfd0f16,ve.fan,premium,414.2,414.2,high,low,3,spaceship,,,30/09/2026 21:19
8ec8b0c3-de55-4564-a440-834224b0b136,hardening.fan,available,57.98,68.98,medium,low,9,namecheap,,,03/10/2026 00:23
7701f75e-7b8c-4c45-ba9a-360ff3260ca9,erie.fan,premium,207.2,207.2,high,medium,4,spaceship,,,01/10/2026 01:52
2cf7838b-c96c-4be8-9b5c-974f3f5d0c0b,collegiate.fan,available,11.99,71.99,high,low,10,name.com,,,12/08/2026 17:08
5fa584eb-8c32-4c85-8ac1-b5c281aee056,newington.fan,available,43.67,43.67,medium,low,9,spaceship,,,30/09/2026 14:04
a8a0823f-384e-42e2-b7c0-a98a68fe5d42,leftish.fan,available,11.99,71.99,medium,low,7,name.com,,,22/08/2026 22:47
b5e4493c-ed9c-453f-b521-580807bb3a5c,disraeli.fan,available,57.98,68.98,medium,low,8,namecheap,,,23/09/2026 08:17
b6238051-5a8a-47ab-9cc9-c7654bb815d8,infuriated.fan,available,,,medium,low,10,,,,
90e95c61-7c32-4e0d-8a77-bc0aed57d017,risking.fan,available,6.69,43.77,medium,low,7,porkbun,,,30/09/2026 04:11
47200e00-4534-4f27-b6cd-b44918979178,bliss.fan,premium,82.5,82.5,high,medium,5,name.com,,,24/09/2026 06:14
839bea17-a7c4-4ed1-b0f9-debaaea571a6,adiabatic.fan,available,11.99,71.99,medium,low,9,name.com,,,
94a68d92-53d6-480d-a703-f443bc4dee65,enticing.fan,available,57.98,68.98,high,low,8,namecheap,,,22/09/2026 01:41
cf219921-8aa0-461a-a582-da5e8499d65f,laboring.fan,available,11.99,71.99,medium,low,8,name.com,,,14/08/2026 19:56
914ed93e-449c-4043-868b-4badbaed7f18,facilitation.fan,available,57.98,68.98,high,low,12,namecheap,,,17/09/2026 01:02
0968b6bd-26f2-436b-b3ed-983694589f83,recounting.fan,available,57.98,68.98,medium,low,10,namecheap,,,11/09/2026 10:26
7ce34d6c-a4e0-4471-adb7-b474ed1ae4fd,paulina.fan,available,43.67,43.67,high,low,7,spaceship,,,30/09/2026 20:13
21ea3056-6386-448e-b9b0-034a200f211a,reassured.fan,available,57.98,68.98,high,low,9,namecheap,,,09/09/2026 11:12
05417f7d-317d-4188-9f4b-6bae071ccd14,memoirs.fan,available,43.67,43.67,medium,low,7,spaceship,,,30/09/2026 06:59
a959d77f-830e-43a2-ba04-d5fc0992cc8f,kurakkan.fan,available,57.98,68.98,medium,low,8,namecheap,,,17/09/2026 15:21
fbb543a6-dcee-4e89-a000-3aeddae82d8e,biased.fan,available,11.99,71.99,medium,low,6,name.com,,,09/08/2026 18:36
22a97087-bf7f-480a-84f7-42091f5d15cc,underwear.fan,available,42.2,42.2,high,low,9,cloudflare,,,30/09/2026 14:15
ecc2114d-36b4-4820-bbd1-becdedab4765,syrup.fan,available,42.2,42.2,high,low,5,cloudflare,,,28/09/2026 06:44
b090bc5b-601f-4d4d-9a10-84870b34878b,cogeneration.fan,available,43.67,43.67,medium,low,12,spaceship,,,02/10/2026 14:10
4a9dbb45-63c5-431f-8e02-d98f2dedd357,reefs.fan,available,43.67,43.67,medium,low,5,spaceship,,,02/10/2026 02:37
09cd4787-cde6-4216-879f-acef2f5e1c1a,reopen.fan,available,6.64,45.16,high,low,6,dynadot,,,30/09/2026 03:14
507f0d21-105c-4ea8-9007-cae42d072d22,inexplicable.fan,available,42.2,42.2,medium,low,12,cloudflare,,,03/10/2026 03:09
4d5bc248-54ee-4758-9bfc-8917cf489989,inflated.fan,available,11.99,71.99,medium,low,8,name.com,,,21/08/2026 08:47
96edec97-64d9-4656-9cfc-1d31cbf92137,jeans.fan,available,6.64,45.16,medium,low,5,dynadot,,,28/09/2026 12:09
6d2cad2c-a357-4f35-ad7d-2d3302c0de52,fuzzed.fan,available,11.99,71.99,medium,low,6,name.com,,,18/08/2026 19:20
0126e136-a3e5-4d8f-b7cf-8c1d19f61ca5,progressive.fan,available,57.98,68.98,high,low,11,namecheap,,,19/09/2026 14:06
0c5cceae-2b53-49fe-ad4f-9b8695e992c5,comfy.fan,available,57.98,68.98,high,low,5,namecheap,,,23/09/2026 15:10
d2808bb4-7477-4c00-83db-7c17b81ba4a2,stripy.fan,available,57.98,68.98,medium,low,6,namecheap,,,10/09/2026 22:46
75ec8a8f-a30b-4d6b-b125-9c33bd3485ce,mimicry.fan,available,57.98,68.98,medium,low,7,namecheap,,,19/09/2026 16:43
f6452516-4076-4f27-9040-388d1a630440,wilbur.fan,premium,128.7,128.7,high,low,6,namecheap,,,27/09/2026 07:43
fc2b7b0f-b0e4-4425-b107-a7ee613d6034,patrons.fan,available,57.98,68.98,high,low,7,namecheap,,,30/09/2026 14:47
5ab3f548-798f-44e1-8358-da8fa46788f5,unaccented.fan,available,57.98,68.98,medium,low,10,namecheap,,,11/09/2026 23:32
772d93fd-95cb-43ac-b60f-324b2182c41a,forested.fan,available,11.99,71.99,high,low,8,name.com,,,18/08/2026 11:43
1e6da5a8-e3c8-4cb9-895c-f51462f1c4fa,belgrade.fan,premium,260,260,high,low,8,namecheap,,,23/09/2026 05:11
4154914c-251a-4ff3-a064-d5738c460450,confidant.fan,available,11.99,71.99,high,low,9,name.com,,,22/08/2026 08:30
89404ea3-2df8-4332-8cc2-2b7f701a7315,basileus.fan,available,57.98,68.98,medium,low,8,namecheap,,,22/09/2026 10:47
8c617dae-6797-4fe2-b58b-16970eb3af4e,pointy.fan,available,43.67,43.67,high,low,6,spaceship,,,01/10/2026 22:59